id,emp_code,name,email,department,position,salary,hire_date
8,EMP-1001,Robert Johnson,robert.johnson@globalnet.io,Product & Design,Associate Product Manager,69600.0,2026-04-05
9,EMP-1002,Patricia Malik,patricia.malik@solutions.net,Engineering,DevOps Engineer,112700.0,2018-05-11
10,EMP-1003,Morgan Garcia,morgan.garcia@enterprise.org,Product & Design,Technical Writer,74700.0,2018-04-19
11,EMP-1004,Mia Gonzalez,mia.gonzalez@solutions.net,Marketing & Sales,Digital Marketing Manager,104400.0,2024-08-10
12,EMP-1005,Betty Wang,betty.wang@techcorp.com,Data Science & AI,Data Engineer,102300.0,2021-02-12
13,EMP-1006,Elizabeth Wilson,elizabeth.wilson@globalnet.io,Engineering,Software Engineer,94900.0,2019-02-01
14,EMP-1007,Emily Yang,emily.yang@globalnet.io,Finance,Financial Analyst,83900.0,2023-02-25
15,EMP-1008,Lucas Davis,lucas.davis@innovate.com,Engineering,DevOps Engineer,104200.0,2025-01-18
16,EMP-1009,Andrew Torres,andrew.torres@enterprise.org,Engineering,Software Engineer,84900.0,2021-03-31
17,EMP-1010,James Yang,james.yang@enterprise.org,Engineering,Backend Developer,88200.0,2023-02-01
18,EMP-1011,Andrew Hernandez,andrew.hernandez@globalnet.io,Human Resources,Talent Acquisition Specialist,77000.0,2020-12-29
19,EMP-1012,Dakota Hill,dakota.hill@enterprise.org,Product & Design,Associate Product Manager,80100.0,2022-04-04
20,EMP-1013,Matthew Xu,matthew.xu@solutions.net,Product & Design,UI/UX Designer,63700.0,2020-07-27
21,EMP-1014,Sam Wang,sam.wang@globalnet.io,Marketing & Sales,Sales Executive,59300.0,2020-05-14
22,EMP-1015,Mark Wilson,mark.wilson@innovate.com,Marketing & Sales,Account Manager,74400.0,2020-12-20
23,EMP-1016,Linda Thomas,linda.thomas@solutions.net,Finance,Finance Manager,128100.0,2024-07-18
24,EMP-1017,Aisha White,aisha.white@enterprise.org,Data Science & AI,AI Research Specialist,132300.0,2019-01-08
25,EMP-1018,Pat Huang,pat.huang@techcorp.com,Data Science & AI,Data Scientist,129600.0,2022-09-26
26,EMP-1019,Avery Harris,avery.harris@innovate.com,Operations & IT,Project Manager,96500.0,2024-03-16
27,EMP-1020,Jordan Malik,jordan.malik@techcorp.com,Finance,Accountant,58700.0,2021-04-17
28,EMP-1021,Zainab Hernandez,zainab.hernandez@innovate.com,Cybersecurity,CISO Assistant,78600.0,2020-12-14
29,EMP-1022,Oliver Iqbal,oliver.iqbal@enterprise.org,Engineering,Systems Architect,139600.0,2025-03-02
30,EMP-1023,Oliver Hill,oliver.hill@enterprise.org,Data Science & AI,Machine Learning Engineer,145000.0,2019-10-24
31,EMP-1024,Isabella Bhatti,isabella.bhatti@solutions.net,Cybersecurity,Security Architect,131200.0,2023-06-25
32,EMP-1025,Taylor Davis,taylor.davis@globalnet.io,Finance,Senior Financial Analyst,88800.0,2020-09-13
33,EMP-1026,James Garcia,james.garcia@innovate.com,Engineering,DevOps Engineer,93200.0,2019-06-10
34,EMP-1027,Liam Scott,liam.scott@enterprise.org,Finance,Finance Manager,139800.0,2022-09-30
35,EMP-1028,Sarah Xu,sarah.xu@solutions.net,Product & Design,UI/UX Designer,86100.0,2025-07-14
36,EMP-1029,Donna Lewis,donna.lewis@solutions.net,Operations & IT,IT Support Specialist,56100.0,2020-07-09
37,EMP-1030,Avery Perez,avery.perez@techcorp.com,Product & Design,Technical Writer,62200.0,2018-01-30
38,EMP-1031,Dakota Shah,dakota.shah@techcorp.com,Product & Design,Product Manager,92100.0,2021-09-15
39,EMP-1032,Dakota Allen,dakota.allen@enterprise.org,Finance,Payroll Specialist,57000.0,2024-01-18
40,EMP-1033,Michael Tariq,michael.tariq@solutions.net,Operations & IT,System Administrator,96000.0,2022-07-26
41,EMP-1034,Joseph Miller,joseph.miller@techcorp.com,Marketing & Sales,Sales Executive,82800.0,2022-08-11
42,EMP-1035,Hira Huang,hira.huang@techcorp.com,Engineering,Software Engineer,96400.0,2026-03-02
43,EMP-1036,Kimberly Wang,kimberly.wang@techcorp.com,Product & Design,Associate Product Manager,71200.0,2024-01-06
44,EMP-1037,Sana Rodriguez,sana.rodriguez@innovate.com,Data Science & AI,Machine Learning Engineer,125300.0,2020-10-20
45,EMP-1038,Dakota Lewis,dakota.lewis@solutions.net,Engineering,Software Engineer,105400.0,2018-03-02
46,EMP-1039,Mary Xu,mary.xu@enterprise.org,Data Science & AI,Data Engineer,111800.0,2023-05-26
47,EMP-1040,Sarah Huang,sarah.huang@innovate.com,Cybersecurity,Security Engineer,109800.0,2018-01-09
48,EMP-1041,Michelle Taylor,michelle.taylor@innovate.com,Finance,Payroll Specialist,68200.0,2025-06-04
49,EMP-1042,Noah Martinez,noah.martinez@enterprise.org,Finance,Senior Financial Analyst,88800.0,2024-06-30
50,EMP-1043,Isabella Brown,isabella.brown@globalnet.io,Cybersecurity,Cybersecurity Analyst,84100.0,2023-05-07
51,EMP-1044,Oliver Zhou,oliver.zhou@solutions.net,Data Science & AI,Data Analyst,74600.0,2018-11-25
52,EMP-1045,Susan Jones,susan.jones@solutions.net,Engineering,Systems Architect,135400.0,2022-07-12
53,EMP-1046,Jennifer Wu,jennifer.wu@solutions.net,Product & Design,Technical Writer,74500.0,2018-06-12
54,EMP-1047,James Clark,james.clark@solutions.net,Human Resources,HR Manager,98400.0,2025-07-06
55,EMP-1048,Mark Thomas,mark.thomas@globalnet.io,Marketing & Sales,Digital Marketing Manager,94700.0,2023-02-16
56,EMP-1049,Mark Xu,mark.xu@techcorp.com,Cybersecurity,SOC Analyst,80400.0,2024-04-25
57,EMP-1050,John Jones,john.jones@solutions.net,Product & Design,Technical Writer,63700.0,2019-06-27
58,EMP-1051,Steven Wu,steven.wu@techcorp.com,Product & Design,UI/UX Designer,78700.0,2019-10-09
59,EMP-1052,Omer Liu,omer.liu@solutions.net,Finance,Finance Manager,142900.0,2023-12-07
60,EMP-1053,Jordan Hassan,jordan.hassan@solutions.net,Finance,Financial Analyst,88800.0,2019-07-05
61,EMP-1054,Lisa Davis,lisa.davis@techcorp.com,Data Science & AI,Machine Learning Engineer,113500.0,2024-10-13
62,EMP-1055,Thomas Shah,thomas.shah@globalnet.io,Product & Design,UI/UX Designer,93100.0,2023-06-25
63,EMP-1056,Daniel Li,daniel.li@techcorp.com,Engineering,Systems Architect,147800.0,2021-02-07
64,EMP-1057,Chris Smith,chris.smith@globalnet.io,Data Science & AI,Machine Learning Engineer,105600.0,2026-04-25
65,EMP-1058,Omer Scott,omer.scott@innovate.com,Cybersecurity,Cybersecurity Analyst,67500.0,2025-10-01
66,EMP-1059,Elizabeth Wright,elizabeth.wright@techcorp.com,Human Resources,HR Coordinator,49900.0,2022-10-27
67,EMP-1060,Michael Williams,michael.williams@globalnet.io,Human Resources,HR Specialist,61700.0,2020-05-10
68,EMP-1061,Nancy Hassan,nancy.hassan@techcorp.com,Human Resources,HR Coordinator,58300.0,2024-12-17
69,EMP-1062,Elizabeth Xu,elizabeth.xu@enterprise.org,Data Science & AI,Data Scientist,112000.0,2018-04-12
70,EMP-1063,Richard Raza,richard.raza@globalnet.io,Marketing & Sales,Digital Marketing Manager,92500.0,2019-10-15
71,EMP-1064,Patricia Harris,patricia.harris@techcorp.com,Operations & IT,System Administrator,78100.0,2023-03-01
72,EMP-1065,Steven Martin,steven.martin@enterprise.org,Product & Design,Product Manager,133300.0,2020-03-02
73,EMP-1066,Aisha Perez,aisha.perez@globalnet.io,Engineering,Frontend Developer,88000.0,2025-03-12
74,EMP-1067,Ava Sanchez,ava.sanchez@solutions.net,Human Resources,HR Specialist,53800.0,2020-12-05
75,EMP-1068,Richard Nguyen,richard.nguyen@globalnet.io,Cybersecurity,Cybersecurity Analyst,84500.0,2022-11-15
76,EMP-1069,Steven Tariq,steven.tariq@globalnet.io,Marketing & Sales,Content Strategist,74800.0,2019-04-19
77,EMP-1070,Michelle Li,michelle.li@solutions.net,Product & Design,UI/UX Designer,62900.0,2025-12-13
78,EMP-1071,Zainab Smith,zainab.smith@solutions.net,Product & Design,UI/UX Designer,88300.0,2018-10-14
79,EMP-1072,Paul Flores,paul.flores@globalnet.io,Engineering,Systems Architect,139700.0,2023-09-09
80,EMP-1073,Sandra Hassan,sandra.hassan@innovate.com,Human Resources,People Operations Partner,87800.0,2021-04-26
81,EMP-1074,Mason Rodriguez,mason.rodriguez@enterprise.org,Marketing & Sales,Account Manager,76400.0,2024-11-26
82,EMP-1075,Donald Sanchez,donald.sanchez@solutions.net,Cybersecurity,Penetration Tester,98800.0,2020-05-10
83,EMP-1076,Zainab Chen,zainab.chen@solutions.net,Human Resources,People Operations Partner,79500.0,2022-12-17
84,EMP-1077,Sarah Allen,sarah.allen@innovate.com,Data Science & AI,Data Analyst,67300.0,2023-10-13
85,EMP-1078,Paul Garcia,paul.garcia@enterprise.org,Finance,Senior Financial Analyst,98000.0,2019-08-27
86,EMP-1079,Morgan Williams,morgan.williams@enterprise.org,Operations & IT,Project Manager,84800.0,2023-02-09
87,EMP-1080,Fatima Wu,fatima.wu@solutions.net,Product & Design,Product Designer,102400.0,2022-06-25
88,EMP-1081,Nancy Martinez,nancy.martinez@techcorp.com,Engineering,Backend Developer,84300.0,2019-12-22
89,EMP-1082,Elijah Robinson,elijah.robinson@techcorp.com,Product & Design,Product Manager,119900.0,2019-07-01
90,EMP-1083,Hira Hassan,hira.hassan@solutions.net,Human Resources,People Operations Partner,85100.0,2026-01-25
91,EMP-1084,Oliver Ramirez,oliver.ramirez@solutions.net,Operations & IT,System Administrator,96100.0,2023-01-18
92,EMP-1085,Lisa Iqbal,lisa.iqbal@enterprise.org,Finance,Finance Manager,131800.0,2025-01-11
93,EMP-1086,Christopher Moore,christopher.moore@innovate.com,Engineering,Systems Architect,138700.0,2020-08-18
94,EMP-1087,Matthew Perez,matthew.perez@globalnet.io,Engineering,Senior Software Engineer,114900.0,2020-08-05
95,EMP-1088,Michelle Chaudhry,michelle.chaudhry@enterprise.org,Product & Design,Product Manager,117200.0,2022-07-28
96,EMP-1089,Paul Wright,paul.wright@innovate.com,Marketing & Sales,Marketing Specialist,56800.0,2022-09-17
97,EMP-1090,Michelle Li,michelle.li1@techcorp.com,Marketing & Sales,Account Manager,65400.0,2021-12-11
98,EMP-1091,Donald Iqbal,donald.iqbal@innovate.com,Marketing & Sales,Content Strategist,75900.0,2024-10-06
99,EMP-1092,Charles Young,charles.young@enterprise.org,Finance,Payroll Specialist,65900.0,2018-04-29
100,EMP-1093,Michelle Perez,michelle.perez@innovate.com,Data Science & AI,Data Engineer,88400.0,2024-12-23
101,EMP-1094,Lucas Johnson,lucas.johnson@innovate.com,Cybersecurity,Cybersecurity Analyst,86100.0,2022-10-22
102,EMP-1095,Linda Huang,linda.huang@innovate.com,Data Science & AI,Data Analyst,66500.0,2022-04-02
103,EMP-1096,Ashley Wilson,ashley.wilson@innovate.com,Human Resources,HR Manager,109800.0,2021-02-13
104,EMP-1097,Fatima Taylor,fatima.taylor@techcorp.com,Operations & IT,IT Support Specialist,65700.0,2018-08-02
105,EMP-1098,Steven Anderson,steven.anderson@techcorp.com,Cybersecurity,Cybersecurity Analyst,73100.0,2020-03-27
106,EMP-1099,Taylor Flores,taylor.flores@enterprise.org,Product & Design,Associate Product Manager,80500.0,2025-07-05
107,EMP-1100,Robert Torres,robert.torres@enterprise.org,Operations & IT,Operations Coordinator,62100.0,2019-11-19
108,EMP-1101,Robert Bhatti,robert.bhatti@enterprise.org,Finance,Financial Analyst,79000.0,2018-04-16
109,EMP-1102,Sandra Torres,sandra.torres@innovate.com,Marketing & Sales,Digital Marketing Manager,80000.0,2024-08-22
110,EMP-1103,Nancy Miller,nancy.miller@globalnet.io,Engineering,DevOps Engineer,87700.0,2021-11-23
111,EMP-1104,Lucas Ramirez,lucas.ramirez@globalnet.io,Engineering,DevOps Engineer,127400.0,2021-10-29
112,EMP-1105,Jordan Yang,jordan.yang@innovate.com,Operations & IT,IT Support Specialist,62200.0,2022-01-23
113,EMP-1106,Usman Shah,usman.shah@enterprise.org,Marketing & Sales,Digital Marketing Manager,109200.0,2025-04-18
114,EMP-1107,Matthew Flores,matthew.flores@solutions.net,Operations & IT,Operations Manager,113500.0,2026-03-14
115,EMP-1108,Matthew Lee,matthew.lee@enterprise.org,Engineering,Frontend Developer,94500.0,2020-09-25
116,EMP-1109,Hira Torres,hira.torres@solutions.net,Marketing & Sales,Sales Executive,56900.0,2023-07-18
117,EMP-1110,Ashley Lopez,ashley.lopez@innovate.com,Product & Design,UI/UX Designer,76900.0,2021-10-26
118,EMP-1111,Betty Wu,betty.wu@solutions.net,Finance,Finance Manager,100700.0,2023-10-18
119,EMP-1112,Joseph Garcia,joseph.garcia@enterprise.org,Marketing & Sales,Account Manager,80700.0,2025-09-29
120,EMP-1113,Liam Ahmed,liam.ahmed@innovate.com,Operations & IT,IT Support Specialist,51000.0,2021-04-20
121,EMP-1114,Charles Sanchez,charles.sanchez@enterprise.org,Finance,Finance Manager,124200.0,2023-04-23
122,EMP-1115,Mason King,mason.king@globalnet.io,Marketing & Sales,Content Strategist,68800.0,2021-12-12
123,EMP-1116,Usman Moore,usman.moore@globalnet.io,Finance,Senior Financial Analyst,92900.0,2026-02-02
124,EMP-1117,Joseph Lee,joseph.lee@techcorp.com,Data Science & AI,Data Scientist,99200.0,2026-04-14
125,EMP-1118,Emma Moore,emma.moore@solutions.net,Finance,Financial Analyst,87300.0,2020-03-06
126,EMP-1119,Margaret Anderson,margaret.anderson@globalnet.io,Data Science & AI,Machine Learning Engineer,95900.0,2025-12-10
127,EMP-1120,Lucas Rodriguez,lucas.rodriguez@globalnet.io,Cybersecurity,Cybersecurity Analyst,83100.0,2021-04-11
128,EMP-1121,Michael Khan,michael.khan@innovate.com,Engineering,Software Engineer,107600.0,2021-03-10
129,EMP-1122,Liam Walker,liam.walker@innovate.com,Human Resources,Talent Acquisition Specialist,56700.0,2020-10-31
130,EMP-1123,Emma Davis,emma.davis@techcorp.com,Marketing & Sales,Account Manager,69900.0,2024-06-21
131,EMP-1124,Pat Martinez,pat.martinez@enterprise.org,Finance,Financial Analyst,68100.0,2019-05-01
132,EMP-1125,Mia Iqbal,mia.iqbal@innovate.com,Product & Design,Technical Writer,67500.0,2023-01-20
133,EMP-1126,Omer Martin,omer.martin@solutions.net,Marketing & Sales,Sales Executive,92300.0,2024-12-18
134,EMP-1127,Riley Flores,riley.flores@techcorp.com,Product & Design,Associate Product Manager,73700.0,2025-05-29
135,EMP-1128,James Hernandez,james.hernandez@enterprise.org,Data Science & AI,AI Research Specialist,104900.0,2019-10-04
136,EMP-1129,Alex Clark,alex.clark@innovate.com,Operations & IT,Operations Coordinator,51100.0,2020-08-06
137,EMP-1130,Anthony Shah,anthony.shah@globalnet.io,Operations & IT,IT Support Specialist,55600.0,2020-12-19
138,EMP-1131,Jessica Ramirez,jessica.ramirez@techcorp.com,Product & Design,Associate Product Manager,73700.0,2019-08-06
139,EMP-1132,Dakota Brown,dakota.brown@enterprise.org,Finance,Finance Manager,149100.0,2024-05-20
140,EMP-1133,Anthony Lewis,anthony.lewis@techcorp.com,Operations & IT,Operations Coordinator,63200.0,2021-01-20
141,EMP-1134,Oliver Wright,oliver.wright@innovate.com,Operations & IT,IT Support Specialist,67600.0,2018-06-13
142,EMP-1135,Zainab Raza,zainab.raza@globalnet.io,Finance,Financial Analyst,63000.0,2020-07-26
143,EMP-1136,Taylor Iqbal,taylor.iqbal@globalnet.io,Cybersecurity,Security Engineer,115800.0,2023-10-27
144,EMP-1137,Omer Zhou,omer.zhou@globalnet.io,Data Science & AI,AI Research Specialist,128600.0,2025-02-13
145,EMP-1138,Noah Garcia,noah.garcia@innovate.com,Human Resources,People Operations Partner,75900.0,2021-08-08
146,EMP-1139,Patricia Yang,patricia.yang@enterprise.org,Human Resources,People Operations Partner,87700.0,2023-07-23
147,EMP-1140,Anthony Hassan,anthony.hassan@innovate.com,Cybersecurity,SOC Analyst,62900.0,2021-07-12
148,EMP-1141,Daniel Lee,daniel.lee@techcorp.com,Marketing & Sales,Content Strategist,58000.0,2025-05-17
149,EMP-1142,Isabella Robinson,isabella.robinson@innovate.com,Cybersecurity,Security Engineer,119000.0,2022-01-21
150,EMP-1143,Olivia Khan,olivia.khan@innovate.com,Cybersecurity,Security Engineer,102500.0,2024-02-28
151,EMP-1144,Michael Xu,michael.xu@globalnet.io,Operations & IT,Operations Manager,93000.0,2018-04-29
152,EMP-1145,Christopher Shah,christopher.shah@enterprise.org,Finance,Finance Manager,100900.0,2024-03-12
153,EMP-1146,Ali Garcia,ali.garcia@enterprise.org,Engineering,Backend Developer,77700.0,2025-04-07
154,EMP-1147,Elizabeth Young,elizabeth.young@globalnet.io,Finance,Payroll Specialist,65800.0,2023-04-19
155,EMP-1148,Nancy Robinson,nancy.robinson@solutions.net,Data Science & AI,Data Engineer,92500.0,2024-09-21
156,EMP-1149,Ava Raza,ava.raza@enterprise.org,Engineering,Frontend Developer,92200.0,2021-10-24
157,EMP-1150,Oliver Moore,oliver.moore@techcorp.com,Finance,Accountant,74200.0,2024-07-03
158,EMP-1151,Noah Huang,noah.huang@enterprise.org,Operations & IT,Project Manager,111700.0,2021-11-14
159,EMP-1152,Paul Scott,paul.scott@solutions.net,Marketing & Sales,Account Manager,86100.0,2020-02-12
160,EMP-1153,Christopher Torres,christopher.torres@innovate.com,Product & Design,Product Designer,72900.0,2021-07-27
161,EMP-1154,Liam Shah,liam.shah@innovate.com,Marketing & Sales,Digital Marketing Manager,107500.0,2018-06-01
162,EMP-1155,Michael Allen,michael.allen@solutions.net,Human Resources,HR Specialist,64400.0,2019-02-13
163,EMP-1156,Sophia Zhou,sophia.zhou@innovate.com,Cybersecurity,CISO Assistant,59700.0,2022-08-07
164,EMP-1157,Elizabeth Jones,elizabeth.jones@innovate.com,Finance,Accountant,75400.0,2025-10-08
165,EMP-1158,Hamza Ahmed,hamza.ahmed@techcorp.com,Human Resources,HR Coordinator,57500.0,2021-07-21
166,EMP-1159,Noah Huang,noah.huang@solutions.net,Cybersecurity,Security Architect,114500.0,2020-08-19
167,EMP-1160,Anthony Anderson,anthony.anderson@techcorp.com,Marketing & Sales,Marketing Specialist,74900.0,2025-02-08
168,EMP-1161,John Lewis,john.lewis@enterprise.org,Finance,Financial Analyst,61500.0,2021-08-21
169,EMP-1162,Riley Jackson,riley.jackson@globalnet.io,Human Resources,People Operations Partner,69800.0,2020-09-27
170,EMP-1163,Sophia Clark,sophia.clark@solutions.net,Data Science & AI,Data Scientist,96500.0,2018-11-20
171,EMP-1164,Kenneth Flores,kenneth.flores@enterprise.org,Operations & IT,Project Manager,89400.0,2020-08-09
172,EMP-1165,Hira Khan,hira.khan@globalnet.io,Operations & IT,Operations Coordinator,71900.0,2018-02-08
173,EMP-1166,Hira Li,hira.li@globalnet.io,Data Science & AI,Data Analyst,72500.0,2021-11-16
174,EMP-1167,Donald Khan,donald.khan@innovate.com,Finance,Payroll Specialist,59900.0,2020-03-26
175,EMP-1168,Michelle Yang,michelle.yang@innovate.com,Engineering,Senior Software Engineer,130000.0,2024-05-31
176,EMP-1169,Emily Torres,emily.torres@globalnet.io,Finance,Financial Analyst,87200.0,2025-05-20
177,EMP-1170,Hamza Moore,hamza.moore@techcorp.com,Cybersecurity,Security Architect,158800.0,2023-07-28
178,EMP-1171,Anthony Bhatti,anthony.bhatti@enterprise.org,Human Resources,Talent Acquisition Specialist,75900.0,2020-02-18
179,EMP-1172,Daniel Malik,daniel.malik@enterprise.org,Engineering,Systems Architect,162400.0,2018-06-11
180,EMP-1173,Sandra Chen,sandra.chen@innovate.com,Cybersecurity,Security Architect,133900.0,2026-03-19
181,EMP-1174,Michael Garcia,michael.garcia@globalnet.io,Human Resources,People Operations Partner,70800.0,2020-04-02
182,EMP-1175,Michael Chen,michael.chen@solutions.net,Human Resources,HR Coordinator,61400.0,2021-01-21
183,EMP-1176,Barbara Taylor,barbara.taylor@innovate.com,Finance,Accountant,58800.0,2023-04-03
184,EMP-1177,Dakota Martinez,dakota.martinez@enterprise.org,Marketing & Sales,Content Strategist,70000.0,2019-01-05
185,EMP-1178,Hamza Smith,hamza.smith@globalnet.io,Engineering,Backend Developer,94200.0,2025-07-18
186,EMP-1179,Lisa Nguyen,lisa.nguyen@innovate.com,Human Resources,HR Specialist,72100.0,2020-08-15
187,EMP-1180,Liam Johnson,liam.johnson@solutions.net,Human Resources,HR Coordinator,52300.0,2025-04-06
188,EMP-1181,Avery Khan,avery.khan@innovate.com,Finance,Payroll Specialist,53800.0,2019-07-27
189,EMP-1182,Chris Williams,chris.williams@globalnet.io,Operations & IT,IT Support Specialist,51200.0,2020-08-19
190,EMP-1183,Lucas Rodriguez,lucas.rodriguez@innovate.com,Operations & IT,Operations Coordinator,72000.0,2026-05-02
191,EMP-1184,Isabella Clark,isabella.clark@solutions.net,Data Science & AI,Data Engineer,122900.0,2019-02-10
192,EMP-1185,Noah Flores,noah.flores@innovate.com,Finance,Financial Analyst,82600.0,2022-02-26
193,EMP-1186,Sarah Lewis,sarah.lewis@innovate.com,Product & Design,UI/UX Designer,66500.0,2025-09-09
194,EMP-1187,Donna Wright,donna.wright@globalnet.io,Cybersecurity,SOC Analyst,69000.0,2020-02-17
195,EMP-1188,Jennifer Yang,jennifer.yang@innovate.com,Engineering,Systems Architect,133900.0,2025-03-13
196,EMP-1189,Taylor Brown,taylor.brown@globalnet.io,Product & Design,Associate Product Manager,83500.0,2020-04-20
197,EMP-1190,Avery Liu,avery.liu@solutions.net,Product & Design,Technical Writer,62100.0,2020-08-12
198,EMP-1191,Paul Bhatti,paul.bhatti@enterprise.org,Cybersecurity,Penetration Tester,89500.0,2019-06-17
199,EMP-1192,Isabella Taylor,isabella.taylor@enterprise.org,Engineering,Systems Architect,121700.0,2019-06-24
200,EMP-1193,Jordan Thompson,jordan.thompson@enterprise.org,Human Resources,HR Specialist,55700.0,2020-12-22
201,EMP-1194,Pat Rodriguez,pat.rodriguez@innovate.com,Engineering,Systems Architect,124200.0,2023-05-05
202,EMP-1195,Sana Bhatti,sana.bhatti@globalnet.io,Engineering,Backend Developer,103000.0,2020-06-26
203,EMP-1196,Chris Tariq,chris.tariq@solutions.net,Finance,Payroll Specialist,71100.0,2018-05-08
204,EMP-1197,Riley Walker,riley.walker@innovate.com,Marketing & Sales,Marketing Specialist,66100.0,2025-12-27
205,EMP-1198,Omer Jones,omer.jones@techcorp.com,Human Resources,HR Coordinator,49900.0,2018-09-27
206,EMP-1199,Michael Moore,michael.moore@solutions.net,Human Resources,People Operations Partner,84600.0,2023-12-14
207,EMP-1200,Margaret Robinson,margaret.robinson@solutions.net,Marketing & Sales,Marketing Specialist,73000.0,2019-04-14
208,EMP-1201,Mason Tariq,mason.tariq@enterprise.org,Marketing & Sales,Account Manager,80000.0,2022-08-22
209,EMP-1202,Kimberly Zhang,kimberly.zhang@innovate.com,Marketing & Sales,Account Manager,71200.0,2021-07-04
210,EMP-1203,Bilal Lee,bilal.lee@globalnet.io,Human Resources,Talent Acquisition Specialist,77500.0,2023-04-27
211,EMP-1204,Avery Garcia,avery.garcia@techcorp.com,Engineering,Backend Developer,76300.0,2026-05-08
212,EMP-1205,Donna Wang,donna.wang@enterprise.org,Cybersecurity,Security Architect,146800.0,2024-04-19
213,EMP-1206,Paul Hassan,paul.hassan@techcorp.com,Marketing & Sales,Sales Executive,82700.0,2026-02-01
214,EMP-1207,Pat Jackson,pat.jackson@solutions.net,Finance,Accountant,58400.0,2024-06-25
215,EMP-1208,Oliver Wilson,oliver.wilson@enterprise.org,Operations & IT,System Administrator,72100.0,2021-12-05
216,EMP-1209,Mia White,mia.white@techcorp.com,Finance,Finance Manager,114800.0,2022-10-24
217,EMP-1210,Mia Bhatti,mia.bhatti@solutions.net,Cybersecurity,Security Architect,153100.0,2025-10-11
218,EMP-1211,Matthew Johnson,matthew.johnson@enterprise.org,Finance,Accountant,66100.0,2021-12-08
219,EMP-1212,Alex Lopez,alex.lopez@enterprise.org,Marketing & Sales,Marketing Specialist,54600.0,2026-04-24
220,EMP-1213,Morgan Garcia,morgan.garcia@solutions.net,Product & Design,Product Designer,97500.0,2023-02-02
221,EMP-1214,Kimberly Hernandez,kimberly.hernandez@globalnet.io,Finance,Accountant,73600.0,2024-09-08
222,EMP-1215,James Wu,james.wu@techcorp.com,Data Science & AI,Data Scientist,125500.0,2018-07-23
223,EMP-1216,James Moore,james.moore@innovate.com,Marketing & Sales,Account Manager,94000.0,2022-08-24
224,EMP-1217,Matthew Wilson,matthew.wilson@solutions.net,Engineering,Frontend Developer,93200.0,2019-03-31
225,EMP-1218,Anthony Malik,anthony.malik@solutions.net,Operations & IT,Project Manager,100200.0,2018-07-06
226,EMP-1219,Charles Sanchez,charles.sanchez@solutions.net,Cybersecurity,Cybersecurity Analyst,71700.0,2021-05-19
227,EMP-1220,Sarah Bhatti,sarah.bhatti@enterprise.org,Finance,Accountant,65800.0,2019-05-07
228,EMP-1221,Alex Young,alex.young@innovate.com,Data Science & AI,Data Scientist,109900.0,2023-12-22
229,EMP-1222,Karen Allen,karen.allen@solutions.net,Human Resources,HR Specialist,63000.0,2026-04-28
230,EMP-1223,Chris Ramirez,chris.ramirez@techcorp.com,Operations & IT,IT Support Specialist,58300.0,2024-06-16
231,EMP-1224,Bilal Torres,bilal.torres@innovate.com,Marketing & Sales,Sales Executive,62500.0,2022-07-18
232,EMP-1225,Taylor Lee,taylor.lee@enterprise.org,Operations & IT,Operations Coordinator,52900.0,2022-11-24
233,EMP-1226,Patricia Thomas,patricia.thomas@innovate.com,Marketing & Sales,Content Strategist,60600.0,2022-06-10
234,EMP-1227,Sandra Raza,sandra.raza@globalnet.io,Product & Design,UI/UX Designer,71000.0,2018-11-09
235,EMP-1228,Ava Khan,ava.khan@techcorp.com,Product & Design,UI/UX Designer,83000.0,2026-02-27
236,EMP-1229,William Thomas,william.thomas@techcorp.com,Data Science & AI,Machine Learning Engineer,107900.0,2019-12-12
237,EMP-1230,Elizabeth Iqbal,elizabeth.iqbal@techcorp.com,Data Science & AI,Data Engineer,110400.0,2024-04-28
238,EMP-1231,Sana Malik,sana.malik@solutions.net,Human Resources,HR Manager,94900.0,2022-12-07
239,EMP-1232,Avery Walker,avery.walker@innovate.com,Finance,Accountant,74400.0,2018-08-19
240,EMP-1233,Emily Allen,emily.allen@techcorp.com,Finance,Payroll Specialist,64800.0,2018-06-04
241,EMP-1234,Riley White,riley.white@globalnet.io,Engineering,Systems Architect,125900.0,2024-11-24
242,EMP-1235,Oliver Harris,oliver.harris@innovate.com,Cybersecurity,SOC Analyst,78700.0,2025-04-23
243,EMP-1236,Joseph Lee,joseph.lee@solutions.net,Operations & IT,Project Manager,89900.0,2018-09-11
244,EMP-1237,Sana Miller,sana.miller@globalnet.io,Engineering,DevOps Engineer,127300.0,2019-12-08
245,EMP-1238,Chris Thomas,chris.thomas@innovate.com,Operations & IT,Project Manager,114300.0,2024-11-02
246,EMP-1239,David White,david.white@globalnet.io,Finance,Payroll Specialist,63400.0,2021-10-17
247,EMP-1240,Pat Chen,pat.chen@globalnet.io,Engineering,Frontend Developer,71200.0,2024-04-04
248,EMP-1241,Michelle Jackson,michelle.jackson@globalnet.io,Data Science & AI,Machine Learning Engineer,100300.0,2024-07-14
249,EMP-1242,William Zhou,william.zhou@globalnet.io,Finance,Payroll Specialist,54200.0,2024-09-03
250,EMP-1243,James Martin,james.martin@solutions.net,Marketing & Sales,Sales Executive,63400.0,2025-07-07
251,EMP-1244,Sophia Garcia,sophia.garcia@innovate.com,Human Resources,HR Specialist,61900.0,2021-06-19
252,EMP-1245,Susan Wilson,susan.wilson@globalnet.io,Operations & IT,System Administrator,79800.0,2019-07-18
253,EMP-1246,Elizabeth Jones,elizabeth.jones@globalnet.io,Engineering,DevOps Engineer,120400.0,2026-04-14
254,EMP-1247,Sophia Williams,sophia.williams@globalnet.io,Data Science & AI,AI Research Specialist,124700.0,2019-09-24
255,EMP-1248,David Lopez,david.lopez@solutions.net,Data Science & AI,Data Engineer,82900.0,2022-08-10
256,EMP-1249,Andrew Malik,andrew.malik@enterprise.org,Operations & IT,Project Manager,98700.0,2026-05-25
257,EMP-1250,Sana Anderson,sana.anderson@solutions.net,Product & Design,UI/UX Designer,90700.0,2020-03-05
258,EMP-1251,Donna Malik,donna.malik@solutions.net,Operations & IT,Operations Manager,103500.0,2022-04-14
259,EMP-1252,Oliver King,oliver.king@innovate.com,Data Science & AI,Data Scientist,124600.0,2019-07-21
260,EMP-1253,Daniel Brown,daniel.brown@innovate.com,Human Resources,HR Coordinator,48400.0,2025-12-23
261,EMP-1254,Elijah Yang,elijah.yang@techcorp.com,Finance,Financial Analyst,85000.0,2019-10-19
262,EMP-1255,Matthew Lewis,matthew.lewis@solutions.net,Data Science & AI,Data Engineer,86000.0,2020-06-28
263,EMP-1256,Sana Wu,sana.wu@globalnet.io,Cybersecurity,SOC Analyst,61700.0,2022-06-12
264,EMP-1257,Oliver White,oliver.white@enterprise.org,Marketing & Sales,Marketing Specialist,62300.0,2020-07-08
265,EMP-1258,Morgan Lee,morgan.lee@techcorp.com,Human Resources,Talent Acquisition Specialist,59500.0,2018-06-06
266,EMP-1259,Anthony Zhou,anthony.zhou@innovate.com,Data Science & AI,Data Engineer,109400.0,2024-11-25
267,EMP-1260,Alex Li,alex.li@techcorp.com,Cybersecurity,Penetration Tester,94100.0,2019-09-05
268,EMP-1261,Mason Tariq,mason.tariq@solutions.net,Marketing & Sales,Marketing Specialist,59400.0,2020-08-31
269,EMP-1262,Donald Davis,donald.davis@techcorp.com,Product & Design,Product Designer,100000.0,2018-09-15
270,EMP-1263,Robert Liu,robert.liu@innovate.com,Cybersecurity,CISO Assistant,71900.0,2024-06-13
271,EMP-1264,Christopher Shah,christopher.shah1@globalnet.io,Marketing & Sales,Marketing Specialist,70100.0,2021-12-16
272,EMP-1265,Christopher Torres,christopher.torres1@enterprise.org,Engineering,DevOps Engineer,108600.0,2018-10-05
273,EMP-1266,Sophia Wright,sophia.wright@solutions.net,Cybersecurity,SOC Analyst,75400.0,2018-06-28
274,EMP-1267,Michelle White,michelle.white@globalnet.io,Cybersecurity,Penetration Tester,84400.0,2021-11-13
275,EMP-1268,Christopher Tariq,christopher.tariq@techcorp.com,Human Resources,Talent Acquisition Specialist,56500.0,2021-12-14
276,EMP-1269,Isabella Perez,isabella.perez@enterprise.org,Operations & IT,Operations Manager,126400.0,2020-01-17
277,EMP-1270,Linda Jones,linda.jones@innovate.com,Cybersecurity,Penetration Tester,93200.0,2018-06-29
278,EMP-1271,Jessica Wu,jessica.wu@techcorp.com,Human Resources,HR Manager,118800.0,2022-06-20
279,EMP-1272,Isabella Walker,isabella.walker@globalnet.io,Cybersecurity,CISO Assistant,61300.0,2021-03-17
280,EMP-1273,Emily Huang,emily.huang@techcorp.com,Human Resources,HR Manager,93200.0,2022-02-16
281,EMP-1274,Zainab Wu,zainab.wu@innovate.com,Operations & IT,Operations Manager,107200.0,2020-02-05
282,EMP-1275,Olivia Chaudhry,olivia.chaudhry@innovate.com,Human Resources,HR Coordinator,53700.0,2018-12-05
283,EMP-1276,Bilal Garcia,bilal.garcia@innovate.com,Data Science & AI,AI Research Specialist,119300.0,2021-08-08
284,EMP-1277,Patricia Garcia,patricia.garcia@globalnet.io,Finance,Accountant,69600.0,2024-10-04
285,EMP-1278,Bilal Hernandez,bilal.hernandez@innovate.com,Human Resources,People Operations Partner,66400.0,2026-02-25
286,EMP-1279,Emily Flores,emily.flores@innovate.com,Finance,Financial Analyst,62500.0,2025-07-12
287,EMP-1280,Aisha White,aisha.white@solutions.net,Data Science & AI,Data Analyst,62700.0,2024-10-24
288,EMP-1281,Omer Williams,omer.williams@enterprise.org,Engineering,Senior Software Engineer,147300.0,2022-02-09
289,EMP-1282,Andrew Harris,andrew.harris@solutions.net,Cybersecurity,Security Architect,120100.0,2025-08-13
290,EMP-1283,Sana White,sana.white@globalnet.io,Operations & IT,IT Support Specialist,66800.0,2019-07-18
291,EMP-1284,Sophia White,sophia.white@innovate.com,Human Resources,HR Manager,101400.0,2019-04-10
292,EMP-1285,Morgan Raza,morgan.raza@enterprise.org,Operations & IT,Project Manager,105400.0,2024-04-19
293,EMP-1286,Jennifer Taylor,jennifer.taylor@globalnet.io,Operations & IT,System Administrator,83700.0,2025-10-13
294,EMP-1287,Noah Gonzalez,noah.gonzalez@techcorp.com,Data Science & AI,Data Analyst,72800.0,2019-12-09
295,EMP-1288,Omer Garcia,omer.garcia@globalnet.io,Human Resources,HR Specialist,68000.0,2024-01-30
296,EMP-1289,Margaret Li,margaret.li@globalnet.io,Data Science & AI,Data Scientist,108700.0,2023-09-15
297,EMP-1290,Charles Davis,charles.davis@enterprise.org,Data Science & AI,Data Scientist,117400.0,2018-04-18
298,EMP-1291,Andrew Scott,andrew.scott@solutions.net,Human Resources,People Operations Partner,91300.0,2024-03-09
299,EMP-1292,Michael Flores,michael.flores@techcorp.com,Engineering,Frontend Developer,91100.0,2026-01-15
300,EMP-1293,Emma King,emma.king@innovate.com,Marketing & Sales,Content Strategist,60400.0,2019-05-29
301,EMP-1294,Mark Ahmed,mark.ahmed@techcorp.com,Operations & IT,Operations Manager,129600.0,2023-10-21
302,EMP-1295,Steven Rodriguez,steven.rodriguez@solutions.net,Data Science & AI,Data Scientist,113400.0,2023-08-22
303,EMP-1296,Riley Liu,riley.liu@techcorp.com,Data Science & AI,Machine Learning Engineer,105800.0,2019-10-26
304,EMP-1297,Ashley Xu,ashley.xu@enterprise.org,Human Resources,HR Coordinator,54300.0,2018-11-20
305,EMP-1298,Daniel Gonzalez,daniel.gonzalez@solutions.net,Finance,Senior Financial Analyst,104800.0,2024-11-21
306,EMP-1299,Lucas Garcia,lucas.garcia@solutions.net,Data Science & AI,AI Research Specialist,138100.0,2019-09-24
307,EMP-1300,Barbara Hassan,barbara.hassan@solutions.net,Human Resources,HR Coordinator,46300.0,2018-04-27
308,EMP-1301,James Williams,james.williams@solutions.net,Finance,Senior Financial Analyst,112300.0,2024-12-06
309,EMP-1302,Morgan Young,morgan.young@solutions.net,Finance,Accountant,70800.0,2020-09-30
310,EMP-1303,Aisha Martin,aisha.martin@innovate.com,Engineering,Systems Architect,123900.0,2019-10-10
311,EMP-1304,Omer Clark,omer.clark@innovate.com,Operations & IT,System Administrator,87300.0,2024-10-20
312,EMP-1305,William Lee,william.lee@globalnet.io,Human Resources,People Operations Partner,69300.0,2022-02-26
313,EMP-1306,Ava Scott,ava.scott@techcorp.com,Human Resources,Talent Acquisition Specialist,70300.0,2019-05-17
314,EMP-1307,Matthew Lewis,matthew.lewis@enterprise.org,Data Science & AI,Data Analyst,59700.0,2021-04-03
315,EMP-1308,Michelle Huang,michelle.huang@solutions.net,Marketing & Sales,Digital Marketing Manager,85500.0,2021-09-03
316,EMP-1309,Mark Gonzalez,mark.gonzalez@enterprise.org,Operations & IT,Project Manager,110600.0,2023-08-05
317,EMP-1310,Sandra Young,sandra.young@techcorp.com,Engineering,Backend Developer,103100.0,2023-02-16
318,EMP-1311,Christopher Wilson,christopher.wilson@solutions.net,Human Resources,HR Specialist,51700.0,2021-02-26
319,EMP-1312,Olivia Hill,olivia.hill@innovate.com,Finance,Finance Manager,100500.0,2019-03-17
320,EMP-1313,Zainab Rodriguez,zainab.rodriguez@globalnet.io,Human Resources,People Operations Partner,77000.0,2018-07-05
321,EMP-1314,Aisha Brown,aisha.brown@solutions.net,Product & Design,UI/UX Designer,78900.0,2018-10-29
322,EMP-1315,Michelle Allen,michelle.allen@innovate.com,Finance,Finance Manager,144600.0,2024-11-07
323,EMP-1316,Jennifer Rodriguez,jennifer.rodriguez@techcorp.com,Marketing & Sales,Sales Executive,77200.0,2024-04-03
324,EMP-1317,Andrew Iqbal,andrew.iqbal@enterprise.org,Product & Design,Technical Writer,71700.0,2022-07-03
325,EMP-1318,Oliver Williams,oliver.williams@techcorp.com,Cybersecurity,Security Engineer,106800.0,2023-04-25
326,EMP-1319,Elijah Robinson,elijah.robinson@enterprise.org,Data Science & AI,Machine Learning Engineer,135200.0,2021-07-28
327,EMP-1320,David Sanchez,david.sanchez@solutions.net,Finance,Finance Manager,122000.0,2023-09-09
328,EMP-1321,Ava Wright,ava.wright@innovate.com,Finance,Payroll Specialist,50500.0,2022-02-17
329,EMP-1322,Paul Malik,paul.malik@techcorp.com,Marketing & Sales,Content Strategist,68100.0,2026-02-18
330,EMP-1323,Morgan Hill,morgan.hill@innovate.com,Finance,Finance Manager,137900.0,2020-07-21
331,EMP-1324,Pat Nguyen,pat.nguyen@innovate.com,Data Science & AI,AI Research Specialist,141200.0,2026-02-01
332,EMP-1325,Kenneth Martinez,kenneth.martinez@enterprise.org,Cybersecurity,Security Architect,155900.0,2019-03-27
333,EMP-1326,Joseph Johnson,joseph.johnson@innovate.com,Human Resources,People Operations Partner,70000.0,2022-08-19
334,EMP-1327,Thomas Clark,thomas.clark@solutions.net,Operations & IT,IT Support Specialist,52500.0,2023-10-26
335,EMP-1328,Thomas Scott,thomas.scott@globalnet.io,Operations & IT,Project Manager,104700.0,2021-07-09
336,EMP-1329,Richard Robinson,richard.robinson@solutions.net,Human Resources,HR Coordinator,56600.0,2025-07-31
337,EMP-1330,Lisa Flores,lisa.flores@innovate.com,Product & Design,Associate Product Manager,74100.0,2024-04-04
338,EMP-1331,Donald Anderson,donald.anderson@globalnet.io,Finance,Senior Financial Analyst,117000.0,2021-07-22
339,EMP-1332,Emma Thompson,emma.thompson@solutions.net,Finance,Accountant,59000.0,2024-06-06
340,EMP-1333,Isabella Harris,isabella.harris@innovate.com,Human Resources,Talent Acquisition Specialist,64500.0,2018-06-22
341,EMP-1334,Anthony Shah,anthony.shah@techcorp.com,Human Resources,People Operations Partner,86500.0,2020-11-16
342,EMP-1335,Emma Wilson,emma.wilson@enterprise.org,Finance,Finance Manager,145600.0,2021-01-17
343,EMP-1336,Linda Miller,linda.miller@solutions.net,Product & Design,Associate Product Manager,66700.0,2025-07-06
344,EMP-1337,Sophia Anderson,sophia.anderson@enterprise.org,Cybersecurity,Cybersecurity Analyst,78500.0,2021-09-14
345,EMP-1338,Liam Miller,liam.miller@enterprise.org,Cybersecurity,Security Architect,120400.0,2022-07-25
346,EMP-1339,Liam Walker,liam.walker@enterprise.org,Finance,Accountant,64400.0,2025-03-30
347,EMP-1340,Riley Zhou,riley.zhou@techcorp.com,Product & Design,Technical Writer,79200.0,2026-02-09
348,EMP-1341,Sam Zhou,sam.zhou@enterprise.org,Marketing & Sales,Digital Marketing Manager,77400.0,2022-06-15
349,EMP-1342,Olivia Lopez,olivia.lopez@globalnet.io,Cybersecurity,Cybersecurity Analyst,74800.0,2024-05-15
350,EMP-1343,Patricia Xu,patricia.xu@globalnet.io,Finance,Payroll Specialist,71000.0,2024-02-04
351,EMP-1344,Sophia Young,sophia.young@enterprise.org,Operations & IT,Operations Coordinator,56300.0,2019-04-07
352,EMP-1345,Paul Hernandez,paul.hernandez@innovate.com,Finance,Senior Financial Analyst,85900.0,2026-04-06
353,EMP-1346,Kimberly Chen,kimberly.chen@globalnet.io,Product & Design,Associate Product Manager,85000.0,2025-03-01
354,EMP-1347,Aisha Zhang,aisha.zhang@innovate.com,Human Resources,HR Specialist,63100.0,2025-07-04
355,EMP-1348,John Lopez,john.lopez@enterprise.org,Operations & IT,Operations Coordinator,58100.0,2018-01-28
356,EMP-1349,Lisa Harris,lisa.harris@enterprise.org,Operations & IT,Operations Coordinator,60800.0,2021-05-21
357,EMP-1350,Jordan Taylor,jordan.taylor@globalnet.io,Product & Design,Product Manager,133800.0,2019-04-30
358,EMP-1351,Hira Martin,hira.martin@enterprise.org,Marketing & Sales,Content Strategist,81100.0,2021-06-27
359,EMP-1352,Jennifer Khan,jennifer.khan@globalnet.io,Human Resources,HR Coordinator,52200.0,2020-06-16
360,EMP-1353,Linda Walker,linda.walker@enterprise.org,Operations & IT,Project Manager,104500.0,2022-08-31
361,EMP-1354,Mason Zhou,mason.zhou@innovate.com,Product & Design,Associate Product Manager,87300.0,2024-09-06
362,EMP-1355,James King,james.king@innovate.com,Human Resources,HR Specialist,68500.0,2019-04-05
363,EMP-1356,Riley Liu,riley.liu@solutions.net,Product & Design,Technical Writer,72600.0,2019-09-06
364,EMP-1357,Barbara Lee,barbara.lee@solutions.net,Operations & IT,IT Support Specialist,54700.0,2026-01-15
365,EMP-1358,Noah Garcia,noah.garcia@solutions.net,Operations & IT,IT Support Specialist,62900.0,2019-06-25
366,EMP-1359,Ava Clark,ava.clark@innovate.com,Cybersecurity,Security Architect,140300.0,2025-07-18
367,EMP-1360,Sandra Tariq,sandra.tariq@techcorp.com,Marketing & Sales,Sales Executive,55200.0,2026-05-13
368,EMP-1361,Sarah Nguyen,sarah.nguyen@techcorp.com,Cybersecurity,SOC Analyst,71300.0,2025-11-08
369,EMP-1362,Avery Wright,avery.wright@techcorp.com,Engineering,Backend Developer,72100.0,2021-03-21
370,EMP-1363,Ali Lopez,ali.lopez@enterprise.org,Marketing & Sales,Sales Executive,80100.0,2023-01-12
371,EMP-1364,Kenneth Harris,kenneth.harris@techcorp.com,Data Science & AI,Machine Learning Engineer,102800.0,2020-01-02
372,EMP-1365,Lucas Sanchez,lucas.sanchez@solutions.net,Data Science & AI,Data Scientist,85200.0,2018-04-04
373,EMP-1366,Donald Robinson,donald.robinson@solutions.net,Marketing & Sales,Content Strategist,70400.0,2020-07-29
374,EMP-1367,Nancy Robinson,nancy.robinson@globalnet.io,Data Science & AI,Machine Learning Engineer,107400.0,2026-02-17
375,EMP-1368,Robert Williams,robert.williams@innovate.com,Cybersecurity,Security Engineer,98500.0,2018-10-03
376,EMP-1369,John Hill,john.hill@techcorp.com,Operations & IT,Project Manager,83200.0,2020-09-29
377,EMP-1370,Chris Sanchez,chris.sanchez@innovate.com,Product & Design,Technical Writer,62100.0,2018-08-20
378,EMP-1371,Linda Allen,linda.allen@globalnet.io,Product & Design,Technical Writer,65400.0,2024-06-23
379,EMP-1372,Ashley Thomas,ashley.thomas@globalnet.io,Data Science & AI,AI Research Specialist,114500.0,2022-08-21
380,EMP-1373,Donald Moore,donald.moore@techcorp.com,Data Science & AI,Data Engineer,116400.0,2023-07-24
381,EMP-1374,Pat Thompson,pat.thompson@innovate.com,Human Resources,People Operations Partner,78400.0,2019-09-04
382,EMP-1375,Donald Harris,donald.harris@enterprise.org,Operations & IT,System Administrator,79800.0,2021-05-16
383,EMP-1376,William Wang,william.wang@innovate.com,Cybersecurity,Security Architect,137000.0,2022-09-03
384,EMP-1377,Mia King,mia.king@enterprise.org,Marketing & Sales,Digital Marketing Manager,91700.0,2020-04-12
385,EMP-1378,Paul Ahmed,paul.ahmed@techcorp.com,Operations & IT,Operations Coordinator,53000.0,2024-01-03
386,EMP-1379,Joseph Brown,joseph.brown@globalnet.io,Marketing & Sales,Content Strategist,77800.0,2018-06-11
387,EMP-1380,Dakota Gonzalez,dakota.gonzalez@solutions.net,Product & Design,Product Designer,83700.0,2021-09-25
388,EMP-1381,Donald Zhou,donald.zhou@techcorp.com,Product & Design,Associate Product Manager,89300.0,2019-04-26
389,EMP-1382,Emma Zhou,emma.zhou@enterprise.org,Product & Design,Product Designer,85700.0,2024-03-11
390,EMP-1383,Ashley Bhatti,ashley.bhatti@globalnet.io,Marketing & Sales,Account Manager,100000.0,2025-04-11
391,EMP-1384,Emily Martin,emily.martin@globalnet.io,Human Resources,HR Coordinator,61300.0,2023-03-24
392,EMP-1385,John Wang,john.wang@innovate.com,Human Resources,Talent Acquisition Specialist,67100.0,2021-07-05
393,EMP-1386,Ali Williams,ali.williams@solutions.net,Product & Design,Associate Product Manager,65500.0,2020-12-04
394,EMP-1387,Mason Xu,mason.xu@solutions.net,Marketing & Sales,Sales Executive,65000.0,2020-03-14
395,EMP-1388,Paul Anderson,paul.anderson@innovate.com,Product & Design,Product Designer,92100.0,2020-11-20
396,EMP-1389,Noah Tariq,noah.tariq@innovate.com,Operations & IT,System Administrator,88100.0,2019-11-25
397,EMP-1390,Linda Tariq,linda.tariq@solutions.net,Operations & IT,System Administrator,68800.0,2023-11-17
398,EMP-1391,Sam Liu,sam.liu@techcorp.com,Cybersecurity,Cybersecurity Analyst,78500.0,2019-07-18
399,EMP-1392,Karen Jones,karen.jones@enterprise.org,Cybersecurity,Security Engineer,118100.0,2023-02-11
400,EMP-1393,Donna Brown,donna.brown@solutions.net,Operations & IT,Operations Manager,86000.0,2018-01-28
401,EMP-1394,Lucas Scott,lucas.scott@innovate.com,Cybersecurity,Cybersecurity Analyst,82300.0,2026-02-06
402,EMP-1395,Betty Wright,betty.wright@globalnet.io,Cybersecurity,Security Architect,163300.0,2025-10-29
403,EMP-1396,Zainab Wang,zainab.wang@enterprise.org,Engineering,Software Engineer,104400.0,2019-09-02
404,EMP-1397,Christopher Gonzalez,christopher.gonzalez@solutions.net,Finance,Accountant,63800.0,2022-06-14
405,EMP-1398,James White,james.white@innovate.com,Operations & IT,Project Manager,95900.0,2025-10-26
406,EMP-1399,Charles Martin,charles.martin@techcorp.com,Cybersecurity,Cybersecurity Analyst,78300.0,2022-04-03
407,EMP-1400,Kenneth Scott,kenneth.scott@innovate.com,Cybersecurity,CISO Assistant,55300.0,2025-11-18
408,EMP-1401,Barbara Garcia,barbara.garcia@innovate.com,Marketing & Sales,Sales Executive,92100.0,2019-01-26
409,EMP-1402,Sophia Zhou,sophia.zhou@techcorp.com,Product & Design,Associate Product Manager,87700.0,2024-05-10
410,EMP-1403,Liam Moore,liam.moore@techcorp.com,Engineering,Systems Architect,138400.0,2024-02-03
411,EMP-1404,Sam Lopez,sam.lopez@globalnet.io,Cybersecurity,Security Engineer,123500.0,2019-08-14
412,EMP-1405,Hamza Xu,hamza.xu@techcorp.com,Finance,Senior Financial Analyst,100800.0,2024-05-10
413,EMP-1406,Michelle Malik,michelle.malik@solutions.net,Human Resources,People Operations Partner,89800.0,2026-04-18
414,EMP-1407,Linda Chen,linda.chen@techcorp.com,Human Resources,HR Specialist,53200.0,2022-11-26
415,EMP-1408,Karen Liu,karen.liu@techcorp.com,Human Resources,HR Coordinator,58000.0,2021-08-29
416,EMP-1409,Morgan Khan,morgan.khan@globalnet.io,Operations & IT,Operations Manager,100000.0,2021-12-28
417,EMP-1410,Mason Harris,mason.harris@innovate.com,Data Science & AI,AI Research Specialist,143300.0,2022-04-06
418,EMP-1411,James Bhatti,james.bhatti@solutions.net,Finance,Senior Financial Analyst,89800.0,2018-12-03
419,EMP-1412,Matthew Martinez,matthew.martinez@innovate.com,Data Science & AI,Data Engineer,100800.0,2022-01-17
420,EMP-1413,Patricia Garcia,patricia.garcia@techcorp.com,Finance,Payroll Specialist,61800.0,2021-01-09
421,EMP-1414,Patricia Rodriguez,patricia.rodriguez@techcorp.com,Data Science & AI,Data Engineer,109400.0,2024-03-31
422,EMP-1415,Mia Allen,mia.allen@innovate.com,Engineering,Software Engineer,75900.0,2021-12-20
423,EMP-1416,Mason Garcia,mason.garcia@solutions.net,Human Resources,People Operations Partner,65400.0,2021-04-10
424,EMP-1417,Ali Harris,ali.harris@techcorp.com,Product & Design,Technical Writer,72100.0,2019-11-26
425,EMP-1418,Kenneth Hernandez,kenneth.hernandez@enterprise.org,Finance,Accountant,63800.0,2023-07-13
426,EMP-1419,William Jones,william.jones@enterprise.org,Marketing & Sales,Sales Executive,82600.0,2021-05-12
427,EMP-1420,Emma Chen,emma.chen@techcorp.com,Human Resources,HR Manager,101200.0,2026-01-31
428,EMP-1421,Olivia Hill,olivia.hill@solutions.net,Product & Design,Product Designer,77000.0,2019-07-09
429,EMP-1422,Donald Smith,donald.smith@innovate.com,Human Resources,HR Coordinator,57400.0,2021-09-11
430,EMP-1423,Omer Perez,omer.perez@innovate.com,Data Science & AI,Machine Learning Engineer,116000.0,2024-10-06
431,EMP-1424,Jessica Walker,jessica.walker@globalnet.io,Data Science & AI,Data Engineer,100900.0,2021-04-08
432,EMP-1425,Noah Torres,noah.torres@enterprise.org,Human Resources,People Operations Partner,74200.0,2022-05-29
433,EMP-1426,Andrew Davis,andrew.davis@solutions.net,Product & Design,Technical Writer,72900.0,2020-01-07
434,EMP-1427,Mason Johnson,mason.johnson@innovate.com,Product & Design,Product Designer,89100.0,2025-10-08
435,EMP-1428,Avery Zhang,avery.zhang@innovate.com,Operations & IT,System Administrator,84800.0,2020-09-18
436,EMP-1429,Daniel Hassan,daniel.hassan@enterprise.org,Marketing & Sales,Account Manager,69800.0,2023-01-14
437,EMP-1430,Emma Nguyen,emma.nguyen@innovate.com,Marketing & Sales,Content Strategist,59200.0,2022-01-12
438,EMP-1431,Lucas Hill,lucas.hill@techcorp.com,Engineering,Senior Software Engineer,148100.0,2025-06-15
439,EMP-1432,Emily Hernandez,emily.hernandez@solutions.net,Cybersecurity,Security Architect,152300.0,2025-08-06
440,EMP-1433,Aisha Iqbal,aisha.iqbal@globalnet.io,Marketing & Sales,Marketing Specialist,50300.0,2019-02-08
441,EMP-1434,Lisa Anderson,lisa.anderson@solutions.net,Product & Design,Product Designer,94500.0,2022-05-22
442,EMP-1435,Hira Bhatti,hira.bhatti@solutions.net,Data Science & AI,Machine Learning Engineer,96600.0,2023-06-01
443,EMP-1436,Patricia Jackson,patricia.jackson@innovate.com,Engineering,Software Engineer,79300.0,2021-11-27
444,EMP-1437,Sandra Perez,sandra.perez@innovate.com,Product & Design,Technical Writer,70800.0,2021-11-27
445,EMP-1438,Liam Miller,liam.miller@innovate.com,Operations & IT,Operations Coordinator,52200.0,2021-05-14
446,EMP-1439,Chris Wang,chris.wang@techcorp.com,Cybersecurity,Penetration Tester,122500.0,2019-03-24
447,EMP-1440,Barbara Xu,barbara.xu@enterprise.org,Data Science & AI,AI Research Specialist,110500.0,2021-09-17
448,EMP-1441,Mia Ramirez,mia.ramirez@innovate.com,Product & Design,Product Designer,82100.0,2020-02-03
449,EMP-1442,Zainab Sanchez,zainab.sanchez@techcorp.com,Product & Design,Product Designer,98200.0,2022-05-12
450,EMP-1443,Alex Shah,alex.shah@enterprise.org,Product & Design,UI/UX Designer,64100.0,2024-06-22
451,EMP-1444,Patricia Wang,patricia.wang@solutions.net,Data Science & AI,Machine Learning Engineer,116400.0,2020-03-18
452,EMP-1445,Usman Davis,usman.davis@globalnet.io,Operations & IT,Project Manager,100500.0,2024-09-11
453,EMP-1446,Michelle Flores,michelle.flores@innovate.com,Engineering,Frontend Developer,88100.0,2023-02-19
454,EMP-1447,Richard Zhang,richard.zhang@globalnet.io,Engineering,Systems Architect,128800.0,2021-07-06
455,EMP-1448,Jennifer Thomas,jennifer.thomas@globalnet.io,Engineering,Senior Software Engineer,129500.0,2025-10-11
456,EMP-1449,William Allen,william.allen@innovate.com,Marketing & Sales,Content Strategist,62500.0,2024-06-12
457,EMP-1450,Michelle Ramirez,michelle.ramirez@enterprise.org,Operations & IT,Project Manager,91400.0,2024-03-22
458,EMP-1451,Barbara Young,barbara.young@globalnet.io,Data Science & AI,Data Scientist,105600.0,2023-01-22
459,EMP-1452,Pat Huang,pat.huang@globalnet.io,Cybersecurity,SOC Analyst,64500.0,2020-03-10
460,EMP-1453,Michelle Scott,michelle.scott@solutions.net,Operations & IT,Operations Manager,129900.0,2023-07-08
461,EMP-1454,Fatima Shah,fatima.shah@innovate.com,Operations & IT,System Administrator,70400.0,2024-05-04
462,EMP-1455,Morgan Chen,morgan.chen@enterprise.org,Finance,Financial Analyst,69000.0,2020-07-09
463,EMP-1456,Lucas Jackson,lucas.jackson@enterprise.org,Operations & IT,Project Manager,112500.0,2024-03-01
464,EMP-1457,Ava Davis,ava.davis@solutions.net,Engineering,Frontend Developer,89000.0,2024-01-30
465,EMP-1458,Chris Iqbal,chris.iqbal@innovate.com,Product & Design,Product Designer,76700.0,2026-04-03
466,EMP-1459,Nancy Martin,nancy.martin@techcorp.com,Operations & IT,Operations Coordinator,61400.0,2018-12-23
467,EMP-1460,Omer Huang,omer.huang@techcorp.com,Product & Design,Associate Product Manager,89200.0,2024-08-05
468,EMP-1461,Steven Huang,steven.huang@solutions.net,Marketing & Sales,Digital Marketing Manager,84100.0,2020-04-26
469,EMP-1462,Thomas Wang,thomas.wang@techcorp.com,Human Resources,HR Coordinator,54200.0,2024-09-10
470,EMP-1463,Lucas Hernandez,lucas.hernandez@globalnet.io,Finance,Accountant,73800.0,2020-12-31
471,EMP-1464,Ava Li,ava.li@techcorp.com,Data Science & AI,Data Engineer,83900.0,2021-02-09
472,EMP-1465,Michael Chaudhry,michael.chaudhry@enterprise.org,Product & Design,Associate Product Manager,88300.0,2021-08-12
473,EMP-1466,Nancy Iqbal,nancy.iqbal@innovate.com,Operations & IT,System Administrator,82600.0,2025-01-15
474,EMP-1467,Fatima Harris,fatima.harris@innovate.com,Engineering,Systems Architect,126100.0,2022-07-09
475,EMP-1468,Ava Raza,ava.raza@globalnet.io,Human Resources,People Operations Partner,81000.0,2021-09-02
476,EMP-1469,Alex Huang,alex.huang@techcorp.com,Operations & IT,Operations Coordinator,52100.0,2023-12-30
477,EMP-1470,Hamza Wilson,hamza.wilson@innovate.com,Product & Design,Product Designer,87600.0,2021-08-15
478,EMP-1471,Anthony Perez,anthony.perez@solutions.net,Data Science & AI,AI Research Specialist,155900.0,2023-06-11
479,EMP-1472,Kimberly Li,kimberly.li@techcorp.com,Cybersecurity,Cybersecurity Analyst,85500.0,2023-02-26
480,EMP-1473,Taylor Davis,taylor.davis@enterprise.org,Operations & IT,Operations Manager,85000.0,2022-10-19
481,EMP-1474,Jessica Chaudhry,jessica.chaudhry@enterprise.org,Finance,Senior Financial Analyst,103000.0,2019-01-18
482,EMP-1475,Andrew Taylor,andrew.taylor@techcorp.com,Human Resources,Talent Acquisition Specialist,56700.0,2022-06-12
483,EMP-1476,Sandra Tariq,sandra.tariq@enterprise.org,Marketing & Sales,Marketing Specialist,73100.0,2019-01-25
484,EMP-1477,Alex Wilson,alex.wilson@innovate.com,Engineering,Senior Software Engineer,143900.0,2020-07-15
485,EMP-1478,Elijah Malik,elijah.malik@innovate.com,Cybersecurity,Cybersecurity Analyst,87800.0,2021-11-08
486,EMP-1479,Jennifer Huang,jennifer.huang@innovate.com,Data Science & AI,Data Engineer,84600.0,2020-07-26
487,EMP-1480,Michelle Garcia,michelle.garcia@techcorp.com,Engineering,Frontend Developer,89100.0,2021-05-10
488,EMP-1481,Linda Harris,linda.harris@enterprise.org,Data Science & AI,Data Analyst,75400.0,2024-04-26
489,EMP-1482,Jordan Flores,jordan.flores@enterprise.org,Operations & IT,Operations Coordinator,57000.0,2025-01-16
490,EMP-1483,Elizabeth Zhou,elizabeth.zhou@innovate.com,Operations & IT,System Administrator,70700.0,2019-02-16
491,EMP-1484,Linda Iqbal,linda.iqbal@techcorp.com,Marketing & Sales,Sales Executive,83100.0,2021-07-12
492,EMP-1485,Linda Thomas,linda.thomas@globalnet.io,Engineering,Senior Software Engineer,141300.0,2024-09-27
493,EMP-1486,Anthony Bhatti,anthony.bhatti@techcorp.com,Finance,Senior Financial Analyst,118900.0,2024-10-21
494,EMP-1487,Ava Gonzalez,ava.gonzalez@innovate.com,Finance,Financial Analyst,85700.0,2020-09-07
495,EMP-1488,Olivia Harris,olivia.harris@techcorp.com,Product & Design,Product Designer,74700.0,2023-12-04
496,EMP-1489,Jordan White,jordan.white@globalnet.io,Data Science & AI,Data Engineer,117200.0,2022-09-20
497,EMP-1490,Andrew Wright,andrew.wright@enterprise.org,Operations & IT,IT Support Specialist,48500.0,2024-08-02
498,EMP-1491,Avery Smith,avery.smith@globalnet.io,Product & Design,Product Manager,94000.0,2022-06-19
499,EMP-1492,Oliver Jackson,oliver.jackson@solutions.net,Marketing & Sales,Account Manager,91400.0,2018-12-04
500,EMP-1493,Lucas Wright,lucas.wright@solutions.net,Data Science & AI,Machine Learning Engineer,100500.0,2021-06-23
501,EMP-1494,James Allen,james.allen@enterprise.org,Data Science & AI,AI Research Specialist,121400.0,2022-05-20
502,EMP-1495,Avery Martin,avery.martin@innovate.com,Product & Design,Product Manager,106000.0,2018-12-20
503,EMP-1496,Zainab Davis,zainab.davis@innovate.com,Cybersecurity,Penetration Tester,123700.0,2026-04-26
504,EMP-1497,Richard Davis,richard.davis@techcorp.com,Data Science & AI,Data Analyst,63400.0,2023-07-27
505,EMP-1498,Steven King,steven.king@solutions.net,Finance,Senior Financial Analyst,109400.0,2019-06-04
506,EMP-1499,Matthew Tariq,matthew.tariq@techcorp.com,Cybersecurity,Penetration Tester,108100.0,2021-01-19
507,EMP-1500,Sophia Jones,sophia.jones@globalnet.io,Engineering,Backend Developer,99800.0,2023-09-24
508,EMP-1501,Andrew Brown,andrew.brown@innovate.com,Data Science & AI,Machine Learning Engineer,105300.0,2020-11-10
509,EMP-1502,Patricia Li,patricia.li@solutions.net,Engineering,Senior Software Engineer,138300.0,2018-01-11
510,EMP-1503,Chris Yang,chris.yang@techcorp.com,Product & Design,Product Manager,120900.0,2022-01-30
511,EMP-1504,Michelle Zhou,michelle.zhou@enterprise.org,Data Science & AI,Data Analyst,76100.0,2026-01-03
512,EMP-1505,Fatima Anderson,fatima.anderson@globalnet.io,Product & Design,Product Designer,91000.0,2021-01-16
513,EMP-1506,Dakota Torres,dakota.torres@globalnet.io,Engineering,DevOps Engineer,129100.0,2018-08-04
514,EMP-1507,Richard Anderson,richard.anderson@solutions.net,Cybersecurity,SOC Analyst,62300.0,2023-03-21
515,EMP-1508,Anthony Bhatti,anthony.bhatti@globalnet.io,Human Resources,HR Specialist,68100.0,2023-02-14
516,EMP-1509,Jordan White,jordan.white@enterprise.org,Finance,Finance Manager,119900.0,2026-04-18
517,EMP-1510,Nancy Robinson,nancy.robinson1@solutions.net,Operations & IT,System Administrator,81100.0,2019-09-09
518,EMP-1511,Alex Xu,alex.xu@innovate.com,Cybersecurity,Security Engineer,120500.0,2021-11-19
519,EMP-1512,Jordan Perez,jordan.perez@techcorp.com,Marketing & Sales,Sales Executive,61800.0,2020-04-20
520,EMP-1513,Sophia Thomas,sophia.thomas@innovate.com,Operations & IT,IT Support Specialist,52700.0,2025-12-24
521,EMP-1514,Betty Garcia,betty.garcia@techcorp.com,Product & Design,Technical Writer,68500.0,2025-11-10
522,EMP-1515,Donna Robinson,donna.robinson@techcorp.com,Engineering,DevOps Engineer,93700.0,2025-02-23
523,EMP-1516,Hamza Jones,hamza.jones@solutions.net,Cybersecurity,SOC Analyst,81700.0,2019-06-20
524,EMP-1517,Christopher Jackson,christopher.jackson@globalnet.io,Human Resources,People Operations Partner,88000.0,2026-04-01
525,EMP-1518,Ashley Lee,ashley.lee@innovate.com,Finance,Senior Financial Analyst,89900.0,2020-04-10
526,EMP-1519,Linda Bhatti,linda.bhatti@solutions.net,Engineering,Senior Software Engineer,111900.0,2019-11-05
527,EMP-1520,Sana Robinson,sana.robinson@globalnet.io,Marketing & Sales,Marketing Specialist,67600.0,2022-01-07
528,EMP-1521,Thomas Lewis,thomas.lewis@globalnet.io,Operations & IT,Operations Coordinator,53900.0,2019-01-06
529,EMP-1522,David Wang,david.wang@globalnet.io,Cybersecurity,Security Engineer,106500.0,2019-08-31
530,EMP-1523,Mary Shah,mary.shah@enterprise.org,Human Resources,People Operations Partner,81800.0,2018-07-20
531,EMP-1524,Donald Taylor,donald.taylor@enterprise.org,Cybersecurity,SOC Analyst,74800.0,2024-03-27
532,EMP-1525,Mason Thomas,mason.thomas@techcorp.com,Operations & IT,IT Support Specialist,52600.0,2019-05-13
533,EMP-1526,Jordan Brown,jordan.brown@enterprise.org,Data Science & AI,Data Scientist,111300.0,2022-03-05
534,EMP-1527,James Nguyen,james.nguyen@solutions.net,Finance,Financial Analyst,60700.0,2018-09-22
535,EMP-1528,Jessica Li,jessica.li@innovate.com,Data Science & AI,Data Analyst,84500.0,2021-09-20
536,EMP-1529,Jennifer Williams,jennifer.williams@innovate.com,Cybersecurity,Security Engineer,122600.0,2022-11-10
537,EMP-1530,Hamza Young,hamza.young@techcorp.com,Marketing & Sales,Account Manager,76300.0,2021-12-20
538,EMP-1531,Sarah Zhou,sarah.zhou@enterprise.org,Finance,Accountant,69600.0,2019-09-01
539,EMP-1532,Sam Flores,sam.flores@solutions.net,Product & Design,UI/UX Designer,92700.0,2022-08-15
540,EMP-1533,Mason Walker,mason.walker@techcorp.com,Engineering,Frontend Developer,90100.0,2019-07-17
541,EMP-1534,Fatima Gonzalez,fatima.gonzalez@solutions.net,Product & Design,Technical Writer,55600.0,2022-04-16
542,EMP-1535,Emily Walker,emily.walker@solutions.net,Operations & IT,Operations Coordinator,68500.0,2023-08-20
543,EMP-1536,Ashley Harris,ashley.harris@globalnet.io,Data Science & AI,Data Analyst,68400.0,2024-09-11
544,EMP-1537,Charles Johnson,charles.johnson@globalnet.io,Cybersecurity,SOC Analyst,77300.0,2022-01-04
545,EMP-1538,Karen Hernandez,karen.hernandez@techcorp.com,Product & Design,Associate Product Manager,73700.0,2023-12-26
546,EMP-1539,Riley Iqbal,riley.iqbal@enterprise.org,Marketing & Sales,Sales Executive,66400.0,2019-12-23
547,EMP-1540,Christopher Nguyen,christopher.nguyen@globalnet.io,Human Resources,HR Coordinator,45900.0,2025-11-21
548,EMP-1541,Emily Torres,emily.torres@solutions.net,Data Science & AI,AI Research Specialist,112300.0,2023-07-10
549,EMP-1542,Isabella Martin,isabella.martin@enterprise.org,Operations & IT,IT Support Specialist,51000.0,2018-08-19
550,EMP-1543,Karen Hill,karen.hill@enterprise.org,Cybersecurity,Security Architect,141300.0,2018-01-03
551,EMP-1544,Paul Zhou,paul.zhou@solutions.net,Product & Design,Associate Product Manager,76200.0,2026-01-15
552,EMP-1545,Richard Zhou,richard.zhou@globalnet.io,Cybersecurity,Cybersecurity Analyst,69800.0,2024-07-30
553,EMP-1546,William Bhatti,william.bhatti@techcorp.com,Human Resources,HR Specialist,62200.0,2025-11-25
554,EMP-1547,Hamza Nguyen,hamza.nguyen@techcorp.com,Human Resources,HR Manager,106100.0,2019-07-13
555,EMP-1548,David Tariq,david.tariq@innovate.com,Operations & IT,Operations Coordinator,55700.0,2025-12-06
556,EMP-1549,Mia Chaudhry,mia.chaudhry@solutions.net,Human Resources,Talent Acquisition Specialist,76800.0,2024-08-09
557,EMP-1550,Richard Harris,richard.harris@globalnet.io,Finance,Senior Financial Analyst,96600.0,2026-03-05
558,EMP-1551,Alex Chaudhry,alex.chaudhry@solutions.net,Marketing & Sales,Content Strategist,59100.0,2020-01-16
559,EMP-1552,Mark Zhou,mark.zhou@solutions.net,Product & Design,Technical Writer,58400.0,2023-07-26
560,EMP-1553,William Perez,william.perez@techcorp.com,Product & Design,UI/UX Designer,80900.0,2019-11-19
561,EMP-1554,Mary Zhang,mary.zhang@globalnet.io,Operations & IT,IT Support Specialist,56700.0,2020-05-08
562,EMP-1555,Nancy Chaudhry,nancy.chaudhry@techcorp.com,Human Resources,HR Manager,92100.0,2026-01-29
563,EMP-1556,Alex Brown,alex.brown@innovate.com,Operations & IT,Operations Manager,95900.0,2022-08-23
564,EMP-1557,Olivia Wu,olivia.wu@innovate.com,Human Resources,HR Coordinator,57300.0,2019-02-20
565,EMP-1558,Emma Chen,emma.chen@solutions.net,Product & Design,Associate Product Manager,79800.0,2018-10-29
566,EMP-1559,Sam Jackson,sam.jackson@techcorp.com,Human Resources,HR Manager,91900.0,2018-10-31
567,EMP-1560,Kimberly Hernandez,kimberly.hernandez@innovate.com,Data Science & AI,Data Analyst,75900.0,2019-01-17
568,EMP-1561,Kimberly Hill,kimberly.hill@solutions.net,Operations & IT,IT Support Specialist,62100.0,2025-05-01
569,EMP-1562,Barbara Hill,barbara.hill@innovate.com,Data Science & AI,Data Analyst,61300.0,2021-09-18
570,EMP-1563,Thomas Gonzalez,thomas.gonzalez@innovate.com,Finance,Accountant,64700.0,2020-08-30
571,EMP-1564,John Brown,john.brown@innovate.com,Operations & IT,System Administrator,68600.0,2022-01-17
572,EMP-1565,Alex Ramirez,alex.ramirez@techcorp.com,Finance,Finance Manager,131500.0,2020-03-28
573,EMP-1566,John Johnson,john.johnson@enterprise.org,Data Science & AI,Machine Learning Engineer,100400.0,2023-04-24
574,EMP-1567,Robert Martin,robert.martin@innovate.com,Operations & IT,Operations Manager,128300.0,2020-12-21
575,EMP-1568,Mary Ahmed,mary.ahmed@solutions.net,Marketing & Sales,Digital Marketing Manager,99300.0,2022-04-12
576,EMP-1569,Donna Lopez,donna.lopez@innovate.com,Cybersecurity,Penetration Tester,108800.0,2023-03-20
577,EMP-1570,Lisa Anderson,lisa.anderson@globalnet.io,Cybersecurity,Security Engineer,128700.0,2019-02-01
578,EMP-1571,James Hassan,james.hassan@globalnet.io,Marketing & Sales,Content Strategist,65500.0,2024-03-17
579,EMP-1572,Riley Liu,riley.liu@innovate.com,Marketing & Sales,Content Strategist,80500.0,2023-04-29
580,EMP-1573,Christopher Walker,christopher.walker@globalnet.io,Engineering,Backend Developer,72300.0,2023-08-19
581,EMP-1574,Elijah Wang,elijah.wang@solutions.net,Data Science & AI,Data Analyst,82800.0,2023-01-14
582,EMP-1575,Richard Hernandez,richard.hernandez@enterprise.org,Product & Design,Associate Product Manager,66400.0,2022-10-01
583,EMP-1576,James Malik,james.malik@innovate.com,Product & Design,Associate Product Manager,84500.0,2020-11-22
584,EMP-1577,Mark Zhou,mark.zhou@techcorp.com,Engineering,Backend Developer,106500.0,2022-06-16
585,EMP-1578,Mason Lee,mason.lee@globalnet.io,Operations & IT,IT Support Specialist,68400.0,2024-08-03
586,EMP-1579,Elijah Chen,elijah.chen@innovate.com,Engineering,Backend Developer,79800.0,2019-08-31
587,EMP-1580,John Xu,john.xu@techcorp.com,Engineering,Frontend Developer,87500.0,2022-08-11
588,EMP-1581,Lisa Harris,lisa.harris@innovate.com,Operations & IT,IT Support Specialist,53600.0,2021-02-02
589,EMP-1582,Aisha Martinez,aisha.martinez@solutions.net,Marketing & Sales,Marketing Specialist,63000.0,2021-09-19
590,EMP-1583,Christopher Brown,christopher.brown@innovate.com,Finance,Accountant,55700.0,2021-10-15
591,EMP-1584,Donald Martin,donald.martin@globalnet.io,Operations & IT,IT Support Specialist,55500.0,2019-07-05
592,EMP-1585,Donald Raza,donald.raza@innovate.com,Human Resources,HR Manager,112300.0,2024-10-13
593,EMP-1586,Mary Gonzalez,mary.gonzalez@innovate.com,Product & Design,Product Designer,101700.0,2023-10-17
594,EMP-1587,Donna Zhang,donna.zhang@techcorp.com,Data Science & AI,Data Analyst,68200.0,2025-12-16
595,EMP-1588,Oliver Sanchez,oliver.sanchez@enterprise.org,Cybersecurity,Security Engineer,97600.0,2020-04-02
596,EMP-1589,Riley Thomas,riley.thomas@techcorp.com,Operations & IT,IT Support Specialist,59800.0,2025-11-26
597,EMP-1590,Jessica Moore,jessica.moore@globalnet.io,Operations & IT,Project Manager,106000.0,2025-02-15
598,EMP-1591,Jennifer Malik,jennifer.malik@techcorp.com,Product & Design,UI/UX Designer,92000.0,2024-08-30
599,EMP-1592,Sana Lopez,sana.lopez@innovate.com,Human Resources,HR Manager,95700.0,2020-11-25
600,EMP-1593,Mary Jackson,mary.jackson@techcorp.com,Marketing & Sales,Marketing Specialist,55300.0,2024-06-01
601,EMP-1594,Sarah Yang,sarah.yang@enterprise.org,Product & Design,Associate Product Manager,73800.0,2025-04-22
602,EMP-1595,Ali Allen,ali.allen@techcorp.com,Cybersecurity,SOC Analyst,64300.0,2025-04-05
603,EMP-1596,Richard Hill,richard.hill@techcorp.com,Product & Design,UI/UX Designer,80000.0,2025-12-29
604,EMP-1597,Betty Ramirez,betty.ramirez@innovate.com,Human Resources,People Operations Partner,73300.0,2020-06-12
605,EMP-1598,Hira Martin,hira.martin@solutions.net,Marketing & Sales,Content Strategist,61400.0,2018-01-31
606,EMP-1599,Ava Hassan,ava.hassan@globalnet.io,Finance,Accountant,77400.0,2019-03-19
607,EMP-1600,Emma Jones,emma.jones@globalnet.io,Finance,Accountant,64100.0,2020-12-05
608,EMP-1601,Donald Gonzalez,donald.gonzalez@enterprise.org,Product & Design,Product Manager,129300.0,2022-07-14
609,EMP-1602,Mark Malik,mark.malik@enterprise.org,Cybersecurity,CISO Assistant,71300.0,2021-04-25
610,EMP-1603,Lisa Zhou,lisa.zhou@innovate.com,Marketing & Sales,Account Manager,67300.0,2024-07-16
611,EMP-1604,Joseph Perez,joseph.perez@enterprise.org,Operations & IT,Operations Coordinator,66600.0,2021-05-14
612,EMP-1605,Barbara Liu,barbara.liu@solutions.net,Data Science & AI,Machine Learning Engineer,101400.0,2023-04-13
613,EMP-1606,Michael Raza,michael.raza@globalnet.io,Data Science & AI,Machine Learning Engineer,137900.0,2019-01-01
614,EMP-1607,Charles Thompson,charles.thompson@enterprise.org,Finance,Payroll Specialist,60900.0,2022-03-03
615,EMP-1608,Lisa Nguyen,lisa.nguyen@globalnet.io,Operations & IT,IT Support Specialist,63400.0,2018-08-08
616,EMP-1609,Dakota Walker,dakota.walker@enterprise.org,Engineering,Systems Architect,145000.0,2023-12-11
617,EMP-1610,Donald Clark,donald.clark@techcorp.com,Data Science & AI,Data Scientist,98100.0,2021-11-04
618,EMP-1611,Ali Torres,ali.torres@innovate.com,Data Science & AI,Machine Learning Engineer,141900.0,2020-01-09
619,EMP-1612,James Young,james.young@globalnet.io,Data Science & AI,Machine Learning Engineer,136600.0,2018-08-26
620,EMP-1613,Alex Lewis,alex.lewis@globalnet.io,Product & Design,Associate Product Manager,83900.0,2019-10-11
621,EMP-1614,Noah Chen,noah.chen@techcorp.com,Data Science & AI,AI Research Specialist,128400.0,2025-02-07
622,EMP-1615,Bilal Sanchez,bilal.sanchez@innovate.com,Operations & IT,Operations Manager,85300.0,2018-06-04
623,EMP-1616,Lucas Gonzalez,lucas.gonzalez@globalnet.io,Cybersecurity,Penetration Tester,114800.0,2020-02-20
624,EMP-1617,Taylor Malik,taylor.malik@techcorp.com,Product & Design,Associate Product Manager,87700.0,2021-11-11
625,EMP-1618,Sandra Rodriguez,sandra.rodriguez@techcorp.com,Marketing & Sales,Content Strategist,77300.0,2021-06-07
626,EMP-1619,Barbara Jones,barbara.jones@techcorp.com,Finance,Accountant,69900.0,2026-03-01
627,EMP-1620,Elijah Hill,elijah.hill@solutions.net,Human Resources,People Operations Partner,94100.0,2025-09-14
628,EMP-1621,Linda Perez,linda.perez@innovate.com,Human Resources,Talent Acquisition Specialist,60400.0,2022-07-11
629,EMP-1622,Taylor Anderson,taylor.anderson@enterprise.org,Data Science & AI,Data Scientist,86400.0,2024-08-12
630,EMP-1623,Oliver Hernandez,oliver.hernandez@techcorp.com,Human Resources,HR Specialist,62300.0,2025-03-07
631,EMP-1624,Daniel Bhatti,daniel.bhatti@solutions.net,Cybersecurity,Security Architect,113100.0,2025-06-04
632,EMP-1625,Patricia Ahmed,patricia.ahmed@techcorp.com,Cybersecurity,CISO Assistant,58800.0,2022-09-04
633,EMP-1626,Omer Harris,omer.harris@techcorp.com,Finance,Payroll Specialist,55000.0,2020-04-21
634,EMP-1627,Jordan Martin,jordan.martin@innovate.com,Engineering,Systems Architect,154100.0,2021-01-10
635,EMP-1628,Linda Clark,linda.clark@techcorp.com,Engineering,Frontend Developer,72500.0,2019-03-12
636,EMP-1629,Olivia Gonzalez,olivia.gonzalez@solutions.net,Product & Design,UI/UX Designer,94300.0,2020-04-06
637,EMP-1630,Emily Shah,emily.shah@innovate.com,Finance,Senior Financial Analyst,87600.0,2024-02-24
638,EMP-1631,Olivia Zhou,olivia.zhou@enterprise.org,Operations & IT,Operations Coordinator,57700.0,2018-01-12
639,EMP-1632,Jordan Hassan,jordan.hassan@techcorp.com,Engineering,DevOps Engineer,128800.0,2023-07-17
640,EMP-1633,Elizabeth Garcia,elizabeth.garcia@solutions.net,Engineering,Systems Architect,167400.0,2019-02-19
641,EMP-1634,Daniel Ahmed,daniel.ahmed@enterprise.org,Operations & IT,Operations Coordinator,58700.0,2023-03-17
642,EMP-1635,Pat Miller,pat.miller@enterprise.org,Cybersecurity,Penetration Tester,103600.0,2025-08-04
643,EMP-1636,Mark Ramirez,mark.ramirez@techcorp.com,Engineering,Software Engineer,70600.0,2019-07-21
644,EMP-1637,Barbara Perez,barbara.perez@globalnet.io,Operations & IT,Project Manager,97600.0,2026-03-22
645,EMP-1638,Mary White,mary.white@globalnet.io,Data Science & AI,Data Analyst,71100.0,2022-06-28
646,EMP-1639,Usman Moore,usman.moore@innovate.com,Operations & IT,Operations Manager,127500.0,2019-11-15
647,EMP-1640,Robert Rodriguez,robert.rodriguez@techcorp.com,Data Science & AI,Data Analyst,71600.0,2024-08-16
648,EMP-1641,Emma Wang,emma.wang@solutions.net,Operations & IT,System Administrator,89900.0,2022-01-08
649,EMP-1642,Morgan Huang,morgan.huang@enterprise.org,Operations & IT,Operations Manager,92400.0,2022-08-12
650,EMP-1643,Omer Williams,omer.williams@techcorp.com,Finance,Accountant,55400.0,2025-11-25
651,EMP-1644,Sophia Bhatti,sophia.bhatti@solutions.net,Product & Design,UI/UX Designer,94000.0,2023-11-13
652,EMP-1645,John Ramirez,john.ramirez@enterprise.org,Operations & IT,Operations Coordinator,71700.0,2025-08-02
653,EMP-1646,Michelle Martinez,michelle.martinez@solutions.net,Cybersecurity,Cybersecurity Analyst,86100.0,2019-10-05
654,EMP-1647,Oliver Yang,oliver.yang@innovate.com,Operations & IT,System Administrator,69900.0,2023-07-07
655,EMP-1648,Ashley Thomas,ashley.thomas1@globalnet.io,Cybersecurity,Security Architect,124600.0,2024-03-04
656,EMP-1649,Kenneth Sanchez,kenneth.sanchez@enterprise.org,Engineering,Backend Developer,99100.0,2024-06-05
657,EMP-1650,Sana Garcia,sana.garcia@innovate.com,Operations & IT,Operations Coordinator,53900.0,2023-07-31
658,EMP-1651,Taylor Miller,taylor.miller@innovate.com,Marketing & Sales,Marketing Specialist,68300.0,2024-02-28
659,EMP-1652,Alex Zhang,alex.zhang@techcorp.com,Finance,Finance Manager,136900.0,2020-04-27
660,EMP-1653,Usman Perez,usman.perez@globalnet.io,Cybersecurity,Security Engineer,114800.0,2021-09-21
661,EMP-1654,Mia Bhatti,mia.bhatti1@solutions.net,Operations & IT,Operations Coordinator,64800.0,2019-04-13
662,EMP-1655,John Iqbal,john.iqbal@enterprise.org,Cybersecurity,Penetration Tester,103300.0,2025-02-08
663,EMP-1656,Margaret Scott,margaret.scott@solutions.net,Human Resources,HR Specialist,51500.0,2019-11-04
664,EMP-1657,Olivia Rodriguez,olivia.rodriguez@innovate.com,Engineering,Frontend Developer,77800.0,2020-02-08
665,EMP-1658,Jennifer Xu,jennifer.xu@innovate.com,Product & Design,Product Designer,82500.0,2026-01-14
666,EMP-1659,Kimberly Miller,kimberly.miller@innovate.com,Cybersecurity,CISO Assistant,77000.0,2024-08-08
667,EMP-1660,Jennifer Bhatti,jennifer.bhatti@innovate.com,Operations & IT,Project Manager,113000.0,2019-07-06
668,EMP-1661,Olivia Smith,olivia.smith@solutions.net,Cybersecurity,Security Architect,138400.0,2024-07-24
669,EMP-1662,Emma Xu,emma.xu@solutions.net,Data Science & AI,AI Research Specialist,111400.0,2026-03-12
670,EMP-1663,Michael Miller,michael.miller@innovate.com,Human Resources,HR Coordinator,57600.0,2022-09-11
671,EMP-1664,Nancy Moore,nancy.moore@innovate.com,Human Resources,HR Manager,114700.0,2019-07-01
672,EMP-1665,Linda Clark,linda.clark@solutions.net,Finance,Finance Manager,120600.0,2025-12-25
673,EMP-1666,Mason Khan,mason.khan@enterprise.org,Product & Design,Associate Product Manager,85500.0,2026-01-05
674,EMP-1667,Margaret Malik,margaret.malik@globalnet.io,Data Science & AI,Data Scientist,118000.0,2024-02-01
675,EMP-1668,Ashley Shah,ashley.shah@techcorp.com,Human Resources,HR Coordinator,60700.0,2024-07-15
676,EMP-1669,Fatima Malik,fatima.malik@solutions.net,Finance,Payroll Specialist,50400.0,2023-11-12
677,EMP-1670,Patricia Johnson,patricia.johnson@innovate.com,Data Science & AI,Data Analyst,80000.0,2018-08-20
678,EMP-1671,Jessica Moore,jessica.moore@enterprise.org,Finance,Accountant,59800.0,2018-09-12
679,EMP-1672,Margaret Wilson,margaret.wilson@solutions.net,Cybersecurity,Penetration Tester,109700.0,2019-02-24
680,EMP-1673,Mia Huang,mia.huang@enterprise.org,Marketing & Sales,Digital Marketing Manager,108500.0,2025-10-22
681,EMP-1674,Anthony Chaudhry,anthony.chaudhry@techcorp.com,Marketing & Sales,Account Manager,92300.0,2025-09-07
682,EMP-1675,Mark Scott,mark.scott@techcorp.com,Cybersecurity,CISO Assistant,63200.0,2020-04-11
683,EMP-1676,Omer Liu,omer.liu@enterprise.org,Human Resources,HR Coordinator,51400.0,2026-02-17
684,EMP-1677,Joseph Jackson,joseph.jackson@innovate.com,Data Science & AI,Data Analyst,64100.0,2019-12-13
685,EMP-1678,Ava Davis,ava.davis@innovate.com,Cybersecurity,SOC Analyst,69100.0,2024-03-29
686,EMP-1679,Lisa Rodriguez,lisa.rodriguez@enterprise.org,Finance,Financial Analyst,70800.0,2023-03-26
687,EMP-1680,Elizabeth Williams,elizabeth.williams@enterprise.org,Human Resources,HR Coordinator,46700.0,2025-01-05
688,EMP-1681,Donald Young,donald.young@solutions.net,Human Resources,HR Specialist,73200.0,2021-07-25
689,EMP-1682,Sophia Anderson,sophia.anderson1@solutions.net,Engineering,DevOps Engineer,95400.0,2022-08-31
690,EMP-1683,Isabella Wright,isabella.wright@innovate.com,Engineering,Frontend Developer,79500.0,2020-05-23
691,EMP-1684,Paul Perez,paul.perez@globalnet.io,Finance,Senior Financial Analyst,119800.0,2023-04-30
692,EMP-1685,Mia Zhang,mia.zhang@techcorp.com,Engineering,Systems Architect,142700.0,2022-12-31
693,EMP-1686,Christopher Li,christopher.li@solutions.net,Product & Design,Product Manager,134700.0,2021-08-07
694,EMP-1687,Kenneth Zhou,kenneth.zhou@techcorp.com,Marketing & Sales,Sales Executive,90400.0,2026-02-13
695,EMP-1688,Anthony Johnson,anthony.johnson@solutions.net,Human Resources,HR Coordinator,61700.0,2022-12-31
696,EMP-1689,Noah Williams,noah.williams@globalnet.io,Product & Design,UI/UX Designer,93700.0,2018-12-04
697,EMP-1690,John Hernandez,john.hernandez@solutions.net,Cybersecurity,CISO Assistant,57100.0,2020-05-13
698,EMP-1691,Sarah Huang,sarah.huang1@techcorp.com,Product & Design,Technical Writer,78000.0,2026-04-25
699,EMP-1692,Zainab Ahmed,zainab.ahmed@techcorp.com,Data Science & AI,Data Analyst,73000.0,2026-01-15
700,EMP-1693,Paul Williams,paul.williams@techcorp.com,Engineering,Software Engineer,81700.0,2020-10-28
701,EMP-1694,Mia Jones,mia.jones@solutions.net,Product & Design,UI/UX Designer,86700.0,2022-05-09
702,EMP-1695,Sana Khan,sana.khan@innovate.com,Marketing & Sales,Sales Executive,56100.0,2022-05-15
703,EMP-1696,Jennifer Wright,jennifer.wright@techcorp.com,Engineering,Systems Architect,158400.0,2018-07-06
704,EMP-1697,Dakota Thompson,dakota.thompson@solutions.net,Engineering,Frontend Developer,84700.0,2024-10-20
705,EMP-1698,Mary Jackson,mary.jackson@innovate.com,Marketing & Sales,Account Manager,67000.0,2023-04-26
706,EMP-1699,David Wright,david.wright@enterprise.org,Data Science & AI,Data Engineer,115800.0,2021-04-23
707,EMP-1700,William Martin,william.martin@globalnet.io,Cybersecurity,Security Architect,146400.0,2019-08-03
708,EMP-1701,Jennifer Williams,jennifer.williams@techcorp.com,Marketing & Sales,Content Strategist,75900.0,2018-12-15
709,EMP-1702,Sandra Wilson,sandra.wilson@globalnet.io,Product & Design,Product Designer,103600.0,2019-08-07
710,EMP-1703,David Lopez,david.lopez@enterprise.org,Finance,Senior Financial Analyst,92500.0,2020-01-13
711,EMP-1704,Pat Yang,pat.yang@solutions.net,Operations & IT,Project Manager,84800.0,2021-04-05
712,EMP-1705,Avery Taylor,avery.taylor@techcorp.com,Product & Design,Technical Writer,71000.0,2021-09-17
713,EMP-1706,Emily Rodriguez,emily.rodriguez@enterprise.org,Engineering,Frontend Developer,69600.0,2020-03-03
714,EMP-1707,Mark Young,mark.young@innovate.com,Human Resources,HR Coordinator,55000.0,2025-10-11
715,EMP-1708,Elizabeth Torres,elizabeth.torres@solutions.net,Human Resources,HR Manager,113100.0,2019-11-22
716,EMP-1709,Alex Lee,alex.lee@enterprise.org,Product & Design,Product Designer,88100.0,2022-01-12
717,EMP-1710,Linda Malik,linda.malik@globalnet.io,Operations & IT,Operations Manager,114200.0,2022-01-09
718,EMP-1711,Sandra Young,sandra.young@solutions.net,Engineering,Senior Software Engineer,147300.0,2024-10-20
719,EMP-1712,James Liu,james.liu@globalnet.io,Data Science & AI,AI Research Specialist,112900.0,2020-12-14
720,EMP-1713,Dakota Tariq,dakota.tariq@techcorp.com,Cybersecurity,Security Architect,151400.0,2018-05-08
721,EMP-1714,Aisha Bhatti,aisha.bhatti@solutions.net,Product & Design,Product Manager,126100.0,2020-12-03
722,EMP-1715,Isabella Li,isabella.li@solutions.net,Operations & IT,System Administrator,89000.0,2022-05-27
723,EMP-1716,Charles Li,charles.li@solutions.net,Finance,Senior Financial Analyst,115500.0,2023-08-15
724,EMP-1717,Ava Garcia,ava.garcia@innovate.com,Human Resources,HR Coordinator,45300.0,2025-06-07
725,EMP-1718,Christopher Yang,christopher.yang@solutions.net,Data Science & AI,AI Research Specialist,109200.0,2023-01-02
726,EMP-1719,David Lopez,david.lopez1@solutions.net,Data Science & AI,Data Engineer,103500.0,2018-06-15
727,EMP-1720,Charles Iqbal,charles.iqbal@innovate.com,Product & Design,Product Manager,107300.0,2022-02-22
728,EMP-1721,Karen Williams,karen.williams@enterprise.org,Human Resources,People Operations Partner,80400.0,2023-02-06
729,EMP-1722,Chris Williams,chris.williams1@techcorp.com,Finance,Accountant,74000.0,2024-02-08
730,EMP-1723,Richard Harris,richard.harris@innovate.com,Human Resources,HR Coordinator,47600.0,2023-10-18
731,EMP-1724,Daniel Harris,daniel.harris@enterprise.org,Marketing & Sales,Sales Executive,77600.0,2023-06-18
732,EMP-1725,Emma Wu,emma.wu@solutions.net,Cybersecurity,Security Architect,119100.0,2022-12-07
733,EMP-1726,Barbara Anderson,barbara.anderson@techcorp.com,Finance,Senior Financial Analyst,94800.0,2020-02-05
734,EMP-1727,David White,david.white@solutions.net,Engineering,Systems Architect,135100.0,2022-08-26
735,EMP-1728,Paul Tariq,paul.tariq@techcorp.com,Operations & IT,Operations Manager,116400.0,2020-05-13
736,EMP-1729,David Ahmed,david.ahmed@innovate.com,Cybersecurity,Security Engineer,87800.0,2019-06-08
737,EMP-1730,David Rodriguez,david.rodriguez@solutions.net,Cybersecurity,Security Architect,119600.0,2018-08-18
738,EMP-1731,Barbara Taylor,barbara.taylor@enterprise.org,Marketing & Sales,Content Strategist,76500.0,2025-02-24
739,EMP-1732,Taylor Wu,taylor.wu@globalnet.io,Engineering,Senior Software Engineer,134400.0,2024-10-20
740,EMP-1733,Liam Huang,liam.huang@innovate.com,Data Science & AI,Data Scientist,111900.0,2024-09-27
741,EMP-1734,William Chen,william.chen@solutions.net,Data Science & AI,AI Research Specialist,143200.0,2023-09-24
742,EMP-1735,Lisa Hernandez,lisa.hernandez@globalnet.io,Operations & IT,Project Manager,118700.0,2018-10-09
743,EMP-1736,Karen Harris,karen.harris@innovate.com,Data Science & AI,Data Analyst,58500.0,2020-04-08
744,EMP-1737,Elijah Huang,elijah.huang@solutions.net,Marketing & Sales,Digital Marketing Manager,81300.0,2019-12-28
745,EMP-1738,Liam Li,liam.li@solutions.net,Cybersecurity,Security Architect,143000.0,2019-04-27
746,EMP-1739,Mary Walker,mary.walker@enterprise.org,Cybersecurity,CISO Assistant,76300.0,2022-11-03
747,EMP-1740,Elijah Clark,elijah.clark@globalnet.io,Cybersecurity,CISO Assistant,72400.0,2022-10-24
748,EMP-1741,Karen Wang,karen.wang@innovate.com,Marketing & Sales,Sales Executive,93600.0,2026-04-25
749,EMP-1742,John Ramirez,john.ramirez1@globalnet.io,Operations & IT,System Administrator,70500.0,2021-03-06
750,EMP-1743,Isabella Clark,isabella.clark@globalnet.io,Product & Design,Product Manager,136500.0,2026-05-04
751,EMP-1744,Alex Torres,alex.torres@solutions.net,Engineering,DevOps Engineer,85500.0,2022-03-17
752,EMP-1745,Thomas Chaudhry,thomas.chaudhry@globalnet.io,Marketing & Sales,Sales Executive,62000.0,2019-09-26
753,EMP-1746,Bilal Ahmed,bilal.ahmed@solutions.net,Finance,Accountant,72600.0,2022-10-01
754,EMP-1747,Andrew Flores,andrew.flores@globalnet.io,Marketing & Sales,Digital Marketing Manager,102100.0,2024-03-11
755,EMP-1748,Mia Walker,mia.walker@enterprise.org,Human Resources,HR Coordinator,60900.0,2020-11-05
756,EMP-1749,Sandra Torres,sandra.torres@globalnet.io,Marketing & Sales,Digital Marketing Manager,82800.0,2026-05-22
757,EMP-1750,Karen Lewis,karen.lewis@enterprise.org,Engineering,Senior Software Engineer,138300.0,2022-06-29
758,EMP-1751,Kimberly Wang,kimberly.wang@solutions.net,Cybersecurity,Security Engineer,110500.0,2025-02-17
759,EMP-1752,Alex Wang,alex.wang@techcorp.com,Data Science & AI,Data Engineer,119300.0,2022-11-19
760,EMP-1753,Mary Jones,mary.jones@globalnet.io,Product & Design,UI/UX Designer,65200.0,2024-10-30
761,EMP-1754,Sam Tariq,sam.tariq@innovate.com,Marketing & Sales,Content Strategist,79500.0,2023-11-05
762,EMP-1755,Anthony Shah,anthony.shah@solutions.net,Cybersecurity,Security Engineer,127000.0,2023-07-18
763,EMP-1756,Omer Smith,omer.smith@enterprise.org,Finance,Senior Financial Analyst,87200.0,2024-09-21
764,EMP-1757,Ava King,ava.king@enterprise.org,Data Science & AI,Data Analyst,69800.0,2020-09-06
765,EMP-1758,Alex Hernandez,alex.hernandez@techcorp.com,Finance,Payroll Specialist,61600.0,2025-07-05
766,EMP-1759,Hamza Sanchez,hamza.sanchez@solutions.net,Product & Design,Technical Writer,55500.0,2026-04-07
767,EMP-1760,Avery Zhou,avery.zhou@techcorp.com,Finance,Finance Manager,138200.0,2021-11-26
768,EMP-1761,Steven Zhang,steven.zhang@globalnet.io,Product & Design,Technical Writer,61400.0,2023-02-06
769,EMP-1762,Aisha Torres,aisha.torres@techcorp.com,Finance,Senior Financial Analyst,111700.0,2023-09-05
770,EMP-1763,Patricia Scott,patricia.scott@techcorp.com,Finance,Accountant,58800.0,2023-10-04
771,EMP-1764,Daniel Wu,daniel.wu@solutions.net,Finance,Payroll Specialist,62400.0,2024-04-25
772,EMP-1765,Emma Bhatti,emma.bhatti@enterprise.org,Human Resources,People Operations Partner,87300.0,2023-03-03
773,EMP-1766,Morgan Walker,morgan.walker@techcorp.com,Finance,Financial Analyst,72500.0,2025-02-08
774,EMP-1767,Charles Malik,charles.malik@enterprise.org,Human Resources,People Operations Partner,76600.0,2023-10-17
775,EMP-1768,Lucas Smith,lucas.smith@globalnet.io,Product & Design,UI/UX Designer,66100.0,2022-06-23
776,EMP-1769,Kimberly Jones,kimberly.jones@solutions.net,Data Science & AI,Data Engineer,100600.0,2021-12-19
777,EMP-1770,Sarah Li,sarah.li@solutions.net,Finance,Senior Financial Analyst,97500.0,2023-08-06
778,EMP-1771,Jessica Thomas,jessica.thomas@enterprise.org,Finance,Senior Financial Analyst,100000.0,2020-04-10
779,EMP-1772,Nancy Liu,nancy.liu@solutions.net,Human Resources,Talent Acquisition Specialist,58500.0,2019-05-07
780,EMP-1773,James Malik,james.malik1@solutions.net,Cybersecurity,Security Architect,112800.0,2023-05-30
781,EMP-1774,Donna Flores,donna.flores@globalnet.io,Operations & IT,Project Manager,98000.0,2023-07-04
782,EMP-1775,Susan Iqbal,susan.iqbal@solutions.net,Finance,Payroll Specialist,57300.0,2026-05-31
783,EMP-1776,Michael Brown,michael.brown@solutions.net,Marketing & Sales,Account Manager,67100.0,2023-08-21
784,EMP-1777,Steven Sanchez,steven.sanchez@enterprise.org,Operations & IT,IT Support Specialist,65000.0,2023-02-28
785,EMP-1778,Mark Chaudhry,mark.chaudhry@techcorp.com,Cybersecurity,CISO Assistant,61900.0,2022-04-04
786,EMP-1779,John Lee,john.lee@globalnet.io,Finance,Senior Financial Analyst,102200.0,2020-08-29
787,EMP-1780,Matthew Walker,matthew.walker@solutions.net,Human Resources,HR Manager,97100.0,2023-08-05
788,EMP-1781,Bilal Wilson,bilal.wilson@innovate.com,Human Resources,HR Manager,111300.0,2021-02-19
789,EMP-1782,Sana Lopez,sana.lopez@solutions.net,Data Science & AI,AI Research Specialist,145000.0,2020-07-25
790,EMP-1783,John Tariq,john.tariq@globalnet.io,Product & Design,Technical Writer,69200.0,2022-04-10
791,EMP-1784,Jessica Martinez,jessica.martinez@enterprise.org,Operations & IT,IT Support Specialist,53800.0,2022-09-23
792,EMP-1785,Olivia Rodriguez,olivia.rodriguez@solutions.net,Human Resources,People Operations Partner,74800.0,2020-10-24
793,EMP-1786,Mia Yang,mia.yang@solutions.net,Cybersecurity,SOC Analyst,63200.0,2025-09-29
794,EMP-1787,David Brown,david.brown@enterprise.org,Finance,Payroll Specialist,70600.0,2019-01-30
795,EMP-1788,Sana Raza,sana.raza@globalnet.io,Finance,Accountant,66800.0,2024-04-14
796,EMP-1789,Mia Xu,mia.xu@globalnet.io,Human Resources,HR Specialist,63500.0,2019-05-12
797,EMP-1790,Steven Huang,steven.huang1@enterprise.org,Data Science & AI,Machine Learning Engineer,118300.0,2021-08-24
798,EMP-1791,Ava Young,ava.young@innovate.com,Engineering,Backend Developer,110200.0,2021-03-19
799,EMP-1792,Hira Khan,hira.khan@enterprise.org,Data Science & AI,Machine Learning Engineer,122600.0,2025-01-29
800,EMP-1793,Aisha Yang,aisha.yang@techcorp.com,Engineering,Senior Software Engineer,127500.0,2020-07-23
801,EMP-1794,Mark Lee,mark.lee@globalnet.io,Finance,Finance Manager,142200.0,2022-06-08
802,EMP-1795,Matthew Wu,matthew.wu@innovate.com,Human Resources,HR Coordinator,59800.0,2022-08-23
803,EMP-1796,Barbara Lopez,barbara.lopez@techcorp.com,Data Science & AI,Data Scientist,128400.0,2020-10-27
804,EMP-1797,James Wilson,james.wilson@enterprise.org,Marketing & Sales,Marketing Specialist,53100.0,2018-09-19
805,EMP-1798,Liam Scott,liam.scott@techcorp.com,Cybersecurity,SOC Analyst,77200.0,2018-12-07
806,EMP-1799,Patricia Taylor,patricia.taylor@solutions.net,Data Science & AI,Data Analyst,79500.0,2022-05-16
807,EMP-1800,Sandra Anderson,sandra.anderson@enterprise.org,Finance,Payroll Specialist,70500.0,2019-06-02
808,EMP-1801,Michael King,michael.king@enterprise.org,Cybersecurity,Cybersecurity Analyst,86700.0,2022-01-01
809,EMP-1802,Ashley Huang,ashley.huang@innovate.com,Operations & IT,Project Manager,97900.0,2024-02-25
810,EMP-1803,Omer Rodriguez,omer.rodriguez@solutions.net,Data Science & AI,AI Research Specialist,139200.0,2023-02-14
811,EMP-1804,Zainab King,zainab.king@solutions.net,Finance,Accountant,70800.0,2024-01-20
812,EMP-1805,Karen Wang,karen.wang@techcorp.com,Operations & IT,Operations Coordinator,62000.0,2022-08-16
813,EMP-1806,Lisa Martinez,lisa.martinez@globalnet.io,Cybersecurity,Cybersecurity Analyst,82100.0,2019-07-13
814,EMP-1807,Steven Jackson,steven.jackson@innovate.com,Cybersecurity,CISO Assistant,71100.0,2023-05-09
815,EMP-1808,Donald Smith,donald.smith1@globalnet.io,Product & Design,Product Manager,125900.0,2022-03-11
816,EMP-1809,Joseph Clark,joseph.clark@solutions.net,Marketing & Sales,Account Manager,81400.0,2019-10-31
817,EMP-1810,Michelle Liu,michelle.liu@innovate.com,Product & Design,UI/UX Designer,65200.0,2022-09-26
818,EMP-1811,Christopher King,christopher.king@solutions.net,Finance,Accountant,76200.0,2026-05-02
819,EMP-1812,Lucas Wang,lucas.wang@globalnet.io,Marketing & Sales,Digital Marketing Manager,79500.0,2020-01-18
820,EMP-1813,Linda Jackson,linda.jackson@techcorp.com,Operations & IT,Project Manager,109700.0,2021-01-19
821,EMP-1814,Noah Gonzalez,noah.gonzalez@globalnet.io,Cybersecurity,Security Engineer,88300.0,2024-01-01
822,EMP-1815,Taylor Lopez,taylor.lopez@techcorp.com,Finance,Accountant,59100.0,2026-01-08
823,EMP-1816,Omer Tariq,omer.tariq@techcorp.com,Product & Design,Product Manager,99900.0,2018-03-02
824,EMP-1817,Olivia Wilson,olivia.wilson@globalnet.io,Marketing & Sales,Sales Executive,87700.0,2022-03-02
825,EMP-1818,Hira Chaudhry,hira.chaudhry@techcorp.com,Human Resources,HR Specialist,74600.0,2019-08-22
826,EMP-1819,Riley Moore,riley.moore@innovate.com,Engineering,DevOps Engineer,115800.0,2020-01-14
827,EMP-1820,Joseph Li,joseph.li@globalnet.io,Marketing & Sales,Marketing Specialist,54000.0,2026-01-06
828,EMP-1821,Nancy Harris,nancy.harris@innovate.com,Product & Design,Product Manager,103100.0,2023-03-03
829,EMP-1822,John King,john.king@enterprise.org,Operations & IT,Operations Manager,129700.0,2021-07-02
830,EMP-1823,Ashley Hernandez,ashley.hernandez@techcorp.com,Engineering,Frontend Developer,96500.0,2025-02-28
831,EMP-1824,Donald Gonzalez,donald.gonzalez@globalnet.io,Cybersecurity,CISO Assistant,62100.0,2019-04-08
832,EMP-1825,Christopher Khan,christopher.khan@innovate.com,Human Resources,HR Specialist,55500.0,2021-02-04
833,EMP-1826,Jennifer Sanchez,jennifer.sanchez@enterprise.org,Cybersecurity,Cybersecurity Analyst,84000.0,2025-09-30
834,EMP-1827,Liam Chaudhry,liam.chaudhry@solutions.net,Data Science & AI,Machine Learning Engineer,100900.0,2020-10-15
835,EMP-1828,David Young,david.young@techcorp.com,Human Resources,HR Specialist,52000.0,2021-12-27
836,EMP-1829,Elizabeth Chaudhry,elizabeth.chaudhry@solutions.net,Engineering,Senior Software Engineer,137000.0,2020-08-11
837,EMP-1830,Mark Scott,mark.scott@globalnet.io,Operations & IT,System Administrator,66400.0,2025-09-24
838,EMP-1831,Kenneth Thompson,kenneth.thompson@enterprise.org,Finance,Financial Analyst,75900.0,2025-12-04
839,EMP-1832,Omer Scott,omer.scott@globalnet.io,Operations & IT,System Administrator,77200.0,2024-02-05
840,EMP-1833,Steven Lee,steven.lee@innovate.com,Finance,Finance Manager,136300.0,2019-10-19
841,EMP-1834,Avery King,avery.king@enterprise.org,Operations & IT,Operations Coordinator,58600.0,2024-01-28
842,EMP-1835,Andrew Robinson,andrew.robinson@techcorp.com,Marketing & Sales,Digital Marketing Manager,76200.0,2024-12-13
843,EMP-1836,Andrew Bhatti,andrew.bhatti@solutions.net,Product & Design,UI/UX Designer,64200.0,2025-05-20
844,EMP-1837,Lucas Zhang,lucas.zhang@innovate.com,Product & Design,Technical Writer,77400.0,2023-07-31
845,EMP-1838,Mason Martinez,mason.martinez@solutions.net,Finance,Accountant,68400.0,2025-03-10
846,EMP-1839,Ashley Davis,ashley.davis@techcorp.com,Engineering,Software Engineer,78500.0,2020-01-02
847,EMP-1840,Sam Gonzalez,sam.gonzalez@techcorp.com,Operations & IT,System Administrator,71500.0,2018-05-11
848,EMP-1841,Michelle Hassan,michelle.hassan@innovate.com,Finance,Financial Analyst,72000.0,2020-06-23
849,EMP-1842,Dakota Smith,dakota.smith@enterprise.org,Operations & IT,IT Support Specialist,63300.0,2025-03-02
850,EMP-1843,Riley White,riley.white@solutions.net,Marketing & Sales,Sales Executive,58800.0,2024-12-01
851,EMP-1844,Matthew King,matthew.king@techcorp.com,Engineering,Frontend Developer,70100.0,2020-06-03
852,EMP-1845,Elijah Miller,elijah.miller@techcorp.com,Product & Design,Technical Writer,67600.0,2020-02-16
853,EMP-1846,Joseph King,joseph.king@enterprise.org,Data Science & AI,AI Research Specialist,149100.0,2024-04-05
854,EMP-1847,Fatima Raza,fatima.raza@techcorp.com,Human Resources,People Operations Partner,88000.0,2025-06-17
855,EMP-1848,Bilal Wu,bilal.wu@techcorp.com,Data Science & AI,Data Scientist,121000.0,2022-07-03
856,EMP-1849,Oliver Perez,oliver.perez@enterprise.org,Operations & IT,Operations Coordinator,60300.0,2024-03-03
857,EMP-1850,Ashley Yang,ashley.yang@globalnet.io,Marketing & Sales,Account Manager,86200.0,2024-10-28
858,EMP-1851,Christopher Torres,christopher.torres@solutions.net,Product & Design,Product Designer,86700.0,2022-01-14
859,EMP-1852,Sana Lewis,sana.lewis@innovate.com,Cybersecurity,CISO Assistant,56100.0,2021-03-11
860,EMP-1853,Taylor King,taylor.king@enterprise.org,Finance,Financial Analyst,69800.0,2020-06-27
861,EMP-1854,Sarah Yang,sarah.yang@globalnet.io,Cybersecurity,CISO Assistant,64000.0,2024-03-17
862,EMP-1855,Ava Scott,ava.scott@solutions.net,Data Science & AI,Data Analyst,59200.0,2023-03-01
863,EMP-1856,Emily Martinez,emily.martinez@enterprise.org,Finance,Accountant,74100.0,2020-10-20
864,EMP-1857,Karen Taylor,karen.taylor@globalnet.io,Engineering,DevOps Engineer,111200.0,2024-05-19
865,EMP-1858,Sarah Tariq,sarah.tariq@techcorp.com,Human Resources,People Operations Partner,70700.0,2023-06-23
866,EMP-1859,John Hill,john.hill@globalnet.io,Cybersecurity,CISO Assistant,73900.0,2022-04-12
867,EMP-1860,James Bhatti,james.bhatti@techcorp.com,Human Resources,HR Manager,113500.0,2022-09-03
868,EMP-1861,Jennifer Huang,jennifer.huang@enterprise.org,Cybersecurity,CISO Assistant,75700.0,2022-04-16
869,EMP-1862,Pat Martin,pat.martin@solutions.net,Cybersecurity,Penetration Tester,115400.0,2024-05-02
870,EMP-1863,Elizabeth Lee,elizabeth.lee@solutions.net,Product & Design,Associate Product Manager,66700.0,2025-07-22
871,EMP-1864,Hamza Lewis,hamza.lewis@solutions.net,Engineering,Senior Software Engineer,133300.0,2021-04-01
872,EMP-1865,Hamza Martinez,hamza.martinez@enterprise.org,Human Resources,HR Specialist,65600.0,2024-05-29
873,EMP-1866,Pat Scott,pat.scott@innovate.com,Finance,Financial Analyst,73100.0,2023-08-18
874,EMP-1867,Zainab Bhatti,zainab.bhatti@enterprise.org,Data Science & AI,Data Engineer,116700.0,2020-03-22
875,EMP-1868,Noah Sanchez,noah.sanchez@solutions.net,Product & Design,Technical Writer,75200.0,2026-04-02
876,EMP-1869,Sophia Thomas,sophia.thomas@enterprise.org,Engineering,Frontend Developer,93200.0,2021-08-17
877,EMP-1870,Mary Davis,mary.davis@innovate.com,Marketing & Sales,Sales Executive,77800.0,2020-02-20
878,EMP-1871,Ashley Thompson,ashley.thompson@solutions.net,Cybersecurity,Penetration Tester,91100.0,2021-12-03
879,EMP-1872,Omer Flores,omer.flores@enterprise.org,Operations & IT,IT Support Specialist,55600.0,2020-03-28
880,EMP-1873,Donna Martinez,donna.martinez@techcorp.com,Engineering,Systems Architect,123600.0,2020-09-22
881,EMP-1874,William Huang,william.huang@globalnet.io,Cybersecurity,Penetration Tester,87300.0,2021-06-03
882,EMP-1875,Sana Walker,sana.walker@techcorp.com,Human Resources,Talent Acquisition Specialist,79200.0,2024-01-13
883,EMP-1876,Sarah Wilson,sarah.wilson@solutions.net,Finance,Finance Manager,131700.0,2024-12-26
884,EMP-1877,William Chaudhry,william.chaudhry@techcorp.com,Marketing & Sales,Content Strategist,79700.0,2023-11-28
885,EMP-1878,Chris Taylor,chris.taylor@enterprise.org,Cybersecurity,Penetration Tester,93200.0,2025-10-23
886,EMP-1879,Matthew Brown,matthew.brown@innovate.com,Cybersecurity,Cybersecurity Analyst,77700.0,2025-05-28
887,EMP-1880,Matthew Hassan,matthew.hassan@globalnet.io,Engineering,Software Engineer,89200.0,2025-04-13
888,EMP-1881,Michelle Anderson,michelle.anderson@innovate.com,Engineering,Frontend Developer,96800.0,2024-09-11
889,EMP-1882,Lucas Garcia,lucas.garcia@enterprise.org,Product & Design,Technical Writer,70000.0,2024-04-15
890,EMP-1883,Taylor Williams,taylor.williams@enterprise.org,Finance,Accountant,71100.0,2022-05-31
891,EMP-1884,David Johnson,david.johnson@globalnet.io,Human Resources,HR Manager,104800.0,2020-08-25
892,EMP-1885,Oliver Moore,oliver.moore1@globalnet.io,Marketing & Sales,Marketing Specialist,68200.0,2021-02-21
893,EMP-1886,Charles Martinez,charles.martinez@globalnet.io,Marketing & Sales,Digital Marketing Manager,80800.0,2026-03-09
894,EMP-1887,Kenneth King,kenneth.king@solutions.net,Product & Design,Product Designer,85800.0,2024-06-04
895,EMP-1888,Elizabeth Ramirez,elizabeth.ramirez@globalnet.io,Human Resources,People Operations Partner,82800.0,2019-06-24
896,EMP-1889,Thomas Ahmed,thomas.ahmed@enterprise.org,Product & Design,Associate Product Manager,75100.0,2025-09-21
897,EMP-1890,Sophia Zhou,sophia.zhou@enterprise.org,Marketing & Sales,Digital Marketing Manager,85400.0,2021-07-24
898,EMP-1891,Avery Scott,avery.scott@solutions.net,Engineering,Senior Software Engineer,125800.0,2019-08-20
899,EMP-1892,Morgan Iqbal,morgan.iqbal@globalnet.io,Marketing & Sales,Account Manager,84900.0,2022-12-20
900,EMP-1893,Betty Martinez,betty.martinez@enterprise.org,Engineering,Senior Software Engineer,117100.0,2018-04-18
901,EMP-1894,Matthew Hill,matthew.hill@solutions.net,Product & Design,Technical Writer,62600.0,2020-08-03
902,EMP-1895,Morgan Thompson,morgan.thompson@techcorp.com,Operations & IT,System Administrator,97900.0,2024-10-12
903,EMP-1896,Liam Shah,liam.shah@globalnet.io,Data Science & AI,Data Engineer,112200.0,2023-04-25
904,EMP-1897,Linda Hernandez,linda.hernandez@enterprise.org,Product & Design,Product Manager,116800.0,2018-03-03
905,EMP-1898,Matthew Clark,matthew.clark@enterprise.org,Product & Design,Associate Product Manager,67200.0,2019-12-27
906,EMP-1899,Omer Huang,omer.huang@solutions.net,Operations & IT,Operations Coordinator,65000.0,2020-10-07
907,EMP-1900,Bilal Sanchez,bilal.sanchez@techcorp.com,Marketing & Sales,Sales Executive,80800.0,2024-11-09
908,EMP-1901,Lucas King,lucas.king@techcorp.com,Engineering,Backend Developer,99900.0,2018-06-23
909,EMP-1902,Nancy King,nancy.king@solutions.net,Marketing & Sales,Marketing Specialist,68300.0,2022-05-06
910,EMP-1903,Elijah Iqbal,elijah.iqbal@techcorp.com,Product & Design,UI/UX Designer,88800.0,2022-06-19
911,EMP-1904,Donald Bhatti,donald.bhatti@globalnet.io,Operations & IT,System Administrator,92700.0,2021-04-20
912,EMP-1905,Pat Chaudhry,pat.chaudhry@solutions.net,Data Science & AI,Data Engineer,122300.0,2023-01-25
913,EMP-1906,Mary Tariq,mary.tariq@solutions.net,Engineering,Senior Software Engineer,143400.0,2025-10-22
914,EMP-1907,Isabella Rodriguez,isabella.rodriguez@innovate.com,Marketing & Sales,Sales Executive,84500.0,2018-04-13
915,EMP-1908,Richard Robinson,richard.robinson1@enterprise.org,Operations & IT,IT Support Specialist,56200.0,2021-08-20
916,EMP-1909,David Shah,david.shah@techcorp.com,Engineering,Software Engineer,99500.0,2025-02-10
917,EMP-1910,Andrew Garcia,andrew.garcia@solutions.net,Marketing & Sales,Content Strategist,78100.0,2019-10-17
918,EMP-1911,Kenneth Scott,kenneth.scott1@techcorp.com,Data Science & AI,Machine Learning Engineer,132100.0,2025-05-25
919,EMP-1912,Elizabeth Hernandez,elizabeth.hernandez@enterprise.org,Data Science & AI,Data Analyst,71700.0,2021-06-15
920,EMP-1913,Sandra Tariq,sandra.tariq@innovate.com,Finance,Senior Financial Analyst,92700.0,2019-06-23
921,EMP-1914,Jessica Smith,jessica.smith@solutions.net,Finance,Financial Analyst,75000.0,2023-08-01
922,EMP-1915,Olivia Wright,olivia.wright@techcorp.com,Operations & IT,System Administrator,79200.0,2024-08-08
923,EMP-1916,Liam Robinson,liam.robinson@innovate.com,Operations & IT,IT Support Specialist,67700.0,2024-09-24
924,EMP-1917,Alex Thomas,alex.thomas@solutions.net,Finance,Finance Manager,141200.0,2024-04-02
925,EMP-1918,Thomas Brown,thomas.brown@enterprise.org,Data Science & AI,Data Analyst,79400.0,2021-11-30
926,EMP-1919,Sam Martinez,sam.martinez@techcorp.com,Finance,Accountant,57900.0,2018-07-20
927,EMP-1920,Patricia Clark,patricia.clark@enterprise.org,Data Science & AI,Machine Learning Engineer,135000.0,2025-05-31
928,EMP-1921,Mia Lopez,mia.lopez@innovate.com,Human Resources,HR Specialist,53100.0,2021-05-10
929,EMP-1922,Ashley White,ashley.white@innovate.com,Engineering,Backend Developer,106100.0,2018-09-23
930,EMP-1923,Margaret Walker,margaret.walker@enterprise.org,Engineering,Systems Architect,138000.0,2021-09-10
931,EMP-1924,Sophia Clark,sophia.clark1@enterprise.org,Product & Design,Technical Writer,56900.0,2019-03-24
932,EMP-1925,Sophia Garcia,sophia.garcia1@solutions.net,Finance,Payroll Specialist,70000.0,2021-07-20
933,EMP-1926,Lisa King,lisa.king@solutions.net,Human Resources,Talent Acquisition Specialist,75100.0,2024-04-23
934,EMP-1927,Olivia King,olivia.king@innovate.com,Operations & IT,System Administrator,80300.0,2025-12-12
935,EMP-1928,Margaret Gonzalez,margaret.gonzalez@techcorp.com,Engineering,Software Engineer,100500.0,2025-01-05
936,EMP-1929,Jennifer Raza,jennifer.raza@enterprise.org,Marketing & Sales,Account Manager,68000.0,2021-09-29
937,EMP-1930,Steven Scott,steven.scott@enterprise.org,Cybersecurity,CISO Assistant,61600.0,2025-09-27
938,EMP-1931,Anthony Taylor,anthony.taylor@techcorp.com,Finance,Accountant,71600.0,2024-03-02
939,EMP-1932,Ashley Bhatti,ashley.bhatti@techcorp.com,Engineering,Systems Architect,141800.0,2021-10-30
940,EMP-1933,Hamza Tariq,hamza.tariq@solutions.net,Cybersecurity,Security Engineer,97700.0,2021-09-15
941,EMP-1934,Kimberly Xu,kimberly.xu@innovate.com,Operations & IT,IT Support Specialist,69200.0,2019-07-11
942,EMP-1935,Emma Martinez,emma.martinez@innovate.com,Human Resources,People Operations Partner,90700.0,2022-08-23
943,EMP-1936,Riley Liu,riley.liu1@globalnet.io,Human Resources,HR Coordinator,45600.0,2020-05-03
944,EMP-1937,Paul Wang,paul.wang@globalnet.io,Engineering,Senior Software Engineer,123400.0,2018-05-08
945,EMP-1938,Kimberly Harris,kimberly.harris@solutions.net,Data Science & AI,AI Research Specialist,139700.0,2022-05-15
946,EMP-1939,Susan Hill,susan.hill@techcorp.com,Finance,Accountant,78300.0,2018-05-10
947,EMP-1940,Matthew Clark,matthew.clark@techcorp.com,Operations & IT,System Administrator,89400.0,2023-01-26
948,EMP-1941,Donald Wilson,donald.wilson@solutions.net,Finance,Senior Financial Analyst,92400.0,2022-03-13
949,EMP-1942,Sam Bhatti,sam.bhatti@enterprise.org,Engineering,Backend Developer,103200.0,2018-04-13
950,EMP-1943,Emma Li,emma.li@solutions.net,Data Science & AI,Data Scientist,107300.0,2023-06-04
951,EMP-1944,Sophia Martin,sophia.martin@globalnet.io,Data Science & AI,Data Analyst,84900.0,2023-10-16
952,EMP-1945,Michael Wilson,michael.wilson@techcorp.com,Operations & IT,Operations Manager,119200.0,2019-04-20
953,EMP-1946,Alex Martin,alex.martin@techcorp.com,Engineering,Frontend Developer,95600.0,2018-07-08
954,EMP-1947,Patricia King,patricia.king@globalnet.io,Cybersecurity,Security Architect,159700.0,2021-07-02
955,EMP-1948,Thomas Lee,thomas.lee@enterprise.org,Product & Design,UI/UX Designer,78100.0,2023-12-21
956,EMP-1949,Mark Bhatti,mark.bhatti@innovate.com,Engineering,Frontend Developer,74800.0,2019-10-08
957,EMP-1950,Betty Davis,betty.davis@techcorp.com,Engineering,Senior Software Engineer,140600.0,2021-12-05
958,EMP-1951,Mason Lee,mason.lee1@enterprise.org,Finance,Finance Manager,116000.0,2019-12-03
959,EMP-1952,Dakota Martin,dakota.martin@solutions.net,Human Resources,HR Coordinator,59500.0,2018-07-27
960,EMP-1953,Michael Johnson,michael.johnson@innovate.com,Cybersecurity,Cybersecurity Analyst,77600.0,2018-08-09
961,EMP-1954,Mary Ramirez,mary.ramirez@innovate.com,Data Science & AI,AI Research Specialist,158400.0,2024-08-24
962,EMP-1955,Sana Flores,sana.flores@globalnet.io,Finance,Accountant,61500.0,2025-12-30
963,EMP-1956,Lucas Garcia,lucas.garcia@innovate.com,Data Science & AI,Data Analyst,84600.0,2025-11-01
964,EMP-1957,Hira Miller,hira.miller@innovate.com,Finance,Payroll Specialist,65400.0,2020-08-07
965,EMP-1958,Charles Martinez,charles.martinez@solutions.net,Finance,Accountant,67800.0,2020-01-22
966,EMP-1959,Paul Chen,paul.chen@globalnet.io,Operations & IT,Operations Manager,87000.0,2018-09-25
967,EMP-1960,Liam Davis,liam.davis@globalnet.io,Operations & IT,Operations Manager,96200.0,2021-03-02
968,EMP-1961,Steven Hill,steven.hill@solutions.net,Data Science & AI,AI Research Specialist,106700.0,2022-07-20
969,EMP-1962,Patricia Lee,patricia.lee@solutions.net,Engineering,Frontend Developer,99900.0,2023-03-04
970,EMP-1963,Aisha Nguyen,aisha.nguyen@innovate.com,Product & Design,Technical Writer,63000.0,2024-02-23
971,EMP-1964,David Walker,david.walker@innovate.com,Engineering,Frontend Developer,78600.0,2025-10-13
972,EMP-1965,Zainab Chen,zainab.chen@innovate.com,Human Resources,HR Coordinator,52700.0,2019-12-10
973,EMP-1966,Dakota Raza,dakota.raza@solutions.net,Operations & IT,IT Support Specialist,67400.0,2024-09-07
974,EMP-1967,Hira Lee,hira.lee@solutions.net,Engineering,Backend Developer,81500.0,2021-06-15
975,EMP-1968,Aisha Jones,aisha.jones@solutions.net,Engineering,Systems Architect,159100.0,2022-04-02
976,EMP-1969,Ashley Young,ashley.young@techcorp.com,Engineering,Senior Software Engineer,114100.0,2024-07-06
977,EMP-1970,Alex Iqbal,alex.iqbal@enterprise.org,Data Science & AI,Data Engineer,114800.0,2021-04-08
978,EMP-1971,Michelle Flores,michelle.flores@solutions.net,Operations & IT,System Administrator,78500.0,2025-08-23
979,EMP-1972,Mark Martin,mark.martin@solutions.net,Finance,Payroll Specialist,61300.0,2019-01-01
980,EMP-1973,Jordan Flores,jordan.flores@solutions.net,Marketing & Sales,Digital Marketing Manager,94300.0,2018-09-13
981,EMP-1974,Donna Li,donna.li@solutions.net,Cybersecurity,Cybersecurity Analyst,88000.0,2024-04-12
982,EMP-1975,Emily Davis,emily.davis@globalnet.io,Cybersecurity,Security Engineer,113300.0,2025-11-16
983,EMP-1976,Hamza Khan,hamza.khan@globalnet.io,Marketing & Sales,Account Manager,90000.0,2022-11-18
984,EMP-1977,Isabella Wilson,isabella.wilson@enterprise.org,Operations & IT,System Administrator,77300.0,2024-03-25
985,EMP-1978,Michelle Liu,michelle.liu@globalnet.io,Marketing & Sales,Digital Marketing Manager,93900.0,2025-07-07
986,EMP-1979,Michael Rodriguez,michael.rodriguez@techcorp.com,Engineering,Systems Architect,121000.0,2019-08-13
987,EMP-1980,Noah Hassan,noah.hassan@innovate.com,Data Science & AI,Data Analyst,62500.0,2025-03-15
988,EMP-1981,Fatima Huang,fatima.huang@innovate.com,Marketing & Sales,Content Strategist,63900.0,2023-02-05
989,EMP-1982,Ava Ramirez,ava.ramirez@solutions.net,Operations & IT,Operations Manager,108300.0,2020-07-13
990,EMP-1983,Susan Ramirez,susan.ramirez@solutions.net,Cybersecurity,Security Architect,142600.0,2026-03-13
991,EMP-1984,Christopher Shah,christopher.shah@solutions.net,Finance,Payroll Specialist,67900.0,2024-06-18
992,EMP-1985,Andrew Williams,andrew.williams@techcorp.com,Operations & IT,Operations Coordinator,53700.0,2024-07-04
993,EMP-1986,Emma Chaudhry,emma.chaudhry@techcorp.com,Data Science & AI,AI Research Specialist,156300.0,2021-02-18
994,EMP-1987,Hira King,hira.king@techcorp.com,Engineering,Senior Software Engineer,136000.0,2025-01-27
995,EMP-1988,Dakota Malik,dakota.malik@solutions.net,Finance,Finance Manager,103500.0,2021-11-08
996,EMP-1989,Lucas Bhatti,lucas.bhatti@techcorp.com,Operations & IT,Operations Manager,118600.0,2023-04-06
997,EMP-1990,Paul Clark,paul.clark@globalnet.io,Finance,Accountant,60500.0,2018-05-25
998,EMP-1991,Donald Tariq,donald.tariq@solutions.net,Finance,Financial Analyst,80600.0,2023-04-23
999,EMP-1992,Barbara Torres,barbara.torres@techcorp.com,Finance,Finance Manager,101800.0,2021-03-20
1000,EMP-1993,Noah Garcia,noah.garcia@enterprise.org,Engineering,Frontend Developer,81500.0,2019-06-27
1001,EMP-1994,Betty Moore,betty.moore@globalnet.io,Cybersecurity,CISO Assistant,58700.0,2024-10-09
1002,EMP-1995,Richard Zhou,richard.zhou@solutions.net,Data Science & AI,Data Engineer,104200.0,2019-12-20
1003,EMP-1996,Lisa Chen,lisa.chen@enterprise.org,Operations & IT,System Administrator,67200.0,2021-11-05
1004,EMP-1997,James Martinez,james.martinez@solutions.net,Data Science & AI,Data Engineer,107100.0,2022-04-19
1005,EMP-1998,Christopher Hassan,christopher.hassan@innovate.com,Data Science & AI,Data Scientist,122900.0,2026-03-27
1006,EMP-1999,Steven Brown,steven.brown@globalnet.io,Engineering,Software Engineer,81000.0,2023-03-16
1007,EMP-2000,Aisha Walker,aisha.walker@globalnet.io,Operations & IT,Project Manager,95300.0,2022-04-05
